text_a,text_b,label,cosine_similarity,token_jaccard,containment,length_ratio,shared_ngrams,char_jaccard,token_overlap
"Technology is changing the modern classroom. Technology is changing the modern classroom by improving access to information, digital collaboration, and personalized learning opportunities for students.","Technology is changing the modern classroom. Technology is changing the modern classroom by improving access to information, digital collaboration, and personalized learning opportunities for students.",1,1.0,1.0,1.0,1.0,1.0,1.0,1.0
technology changing modern classroom technology changing modern classroom by improving access to information digital collaboration and personalized learning opportunities students,"Technology is changing the modern classroom. Technology is changing the modern classroom by improving access to information, digital collaboration, and personalized learning opportunities for students.",1,1.0,0.842105,1.0,0.8,0.521739,0.695402,1.0
the modern classroom technology is changing the modern classroom,"Technology is changing the modern classroom. Technology is changing the modern classroom by improving access to information, digital collaboration, and personalized learning opportunities for students.",1,0.502593,0.315789,1.0,0.36,0.315789,0.259494,1.0
"Technology is changing the modern classroom. Technology is changing the modern classroom by improving access to information, digital collaboration, and personalized learning opportunities for students.","The internet has revolutionized communication. The internet has revolutionized communication by connecting people worldwide, enabling instant messaging, and providing access to vast amounts of information.",0,0.156002,0.181818,0.315789,1.0,0.0,0.083045,0.315789
technology changing modern classroom technology changing modern classroom improving access information digital collaboration personalized learning opportunities students,Water conservation preserves natural resources. Efficient systems reduce waste and support agricultural sustainability.,0,0.0,0.0,0.0,0.764706,0.0,0.016736,0.0
"Artificial intelligence is transforming industries. AI is transforming industries by automating tasks, analyzing data, and enabling smarter decision-making processes.","Artificial intelligence is transforming industries. AI is transforming industries by automating tasks, analyzing data, and enabling smarter decision-making processes.",1,1.0,1.0,1.0,1.0,1.0,1.0,1.0
artificial intelligence is transforming industries ai transforming industries by automating tasks analyzing data and enabling smarter decision making processes,"Artificial intelligence is transforming industries. AI is transforming industries by automating tasks, analyzing data, and enabling smarter decision-making processes.",1,1.0,1.0,1.0,0.95,0.789474,0.727848,1.0
is transforming industries ai is transforming industries by automating tasks analyzing data,"Artificial intelligence is transforming industries. AI is transforming industries by automating tasks, analyzing data, and enabling smarter decision-making processes.",1,0.518395,0.529412,1.0,0.6,0.529412,0.390411,1.0
"Artificial intelligence is transforming industries. AI is transforming industries by automating tasks, analyzing data, and enabling smarter decision-making processes.",Ocean plastic pollution threatens marine life. Microplastics accumulate in ecosystems and food chains globally.,0,0.0,0.033333,0.071429,0.7,0.0,0.004132,0.071429
artificial intelligence is transforming industries ai transforming industries automating tasks analyzing data enabling smarter decision making processes,Grid modernization supports renewable integration. Smart grids balance variable renewable energy sources efficiently.,0,0.0,0.0,0.0,0.764706,0.0,0.013216,0.0
Climate change is a pressing global issue. Climate change is a pressing global issue that requires immediate action to reduce carbon emissions and promote sustainable practices.,Climate change is a pressing global issue. Climate change is a pressing global issue that requires immediate action to reduce carbon emissions and promote sustainable practices.,1,1.0,1.0,1.0,1.0,1.0,1.0,1.0
climate change is pressing global issue climate change is a pressing global issue requires immediate action to reduce carbon emissions promote sustainable practices,Climate change is a pressing global issue. Climate change is a pressing global issue that requires immediate action to reduce carbon emissions and promote sustainable practices.,1,1.0,0.894737,1.0,0.884615,0.52,0.777027,1.0
pressing global issue climate change is a pressing global issue that requires immediate,Climate change is a pressing global issue. Climate change is a pressing global issue that requires immediate action to reduce carbon emissions and promote sustainable practices.,1,0.782496,0.526316,1.0,0.5,0.526316,0.446043,1.0
Climate change is a pressing global issue. Climate change is a pressing global issue that requires immediate action to reduce carbon emissions and promote sustainable practices.,Soil biology enhances fertility. Microbial communities improve nutrient availability.,0,0.0,0.0,0.0,0.346154,0.0,0.004673,0.0
climate change a pressing global issue climate change a pressing global issue requires immediate action reduce carbon emissions promote sustainable practices,Coral bleaching signals ecosystem distress. Temperature changes cause symbiotic collapse.,0,0.0,0.0,0.0,0.47619,0.0,0.020101,0.0
"The internet has revolutionized communication. The internet has revolutionized communication by connecting people worldwide, enabling instant messaging, and providing access to vast amounts of information.","The internet has revolutionized communication. The internet has revolutionized communication by connecting people worldwide, enabling instant messaging, and providing access to vast amounts of information.",1,1.0,1.0,1.0,1.0,1.0,1.0,1.0
internet has revolutionized communication internet has revolutionized communication connecting people worldwide enabling instant messaging providing access vast amounts information,"The internet has revolutionized communication. The internet has revolutionized communication by connecting people worldwide, enabling instant messaging, and providing access to vast amounts of information.",1,1.0,0.75,1.0,0.76,0.206897,0.661017,1.0
has revolutionized communication the internet has revolutionized communication by connecting people worldwide enabling instant messaging,"The internet has revolutionized communication. The internet has revolutionized communication by connecting people worldwide, enabling instant messaging, and providing access to vast amounts of information.",1,0.830324,0.6,1.0,0.6,0.6,0.581818,1.0
"The internet has revolutionized communication. The internet has revolutionized communication by connecting people worldwide, enabling instant messaging, and providing access to vast amounts of information.",Internet commerce reshapes retail landscapes. Online shopping changes consumer expectations and business models.,0,0.220903,0.064516,0.153846,0.52,0.0,0.031008,0.153846
internet has revolutionized communication the internet has revolutionized communication connecting people worldwide enabling instant messaging providing access vast amounts of information,Carbon reduction requires behavior change. Personal and organizational actions reduce footprints.,0,0.0,0.0,0.0,0.52381,0.0,0.008772,0.0
"Exercise is essential for a healthy lifestyle. Regular exercise is essential for maintaining a healthy lifestyle, improving physical fitness, and reducing the risk of chronic diseases.","Exercise is essential for a healthy lifestyle. Regular exercise is essential for maintaining a healthy lifestyle, improving physical fitness, and reducing the risk of chronic diseases.",1,1.0,1.0,1.0,1.0,1.0,1.0,1.0
exercise essential a healthy lifestyle regular exercise essential maintaining a healthy lifestyle improving physical fitness and reducing the risk chronic diseases,"Exercise is essential for a healthy lifestyle. Regular exercise is essential for maintaining a healthy lifestyle, improving physical fitness, and reducing the risk of chronic diseases.",1,1.0,0.842105,1.0,0.807692,0.392857,0.630303,1.0
exercise is essential for a healthy lifestyle regular exercise is essential for maintaining a healthy lifestyle improving physical fitness and reducing the risk of chronic,"Exercise is essential for a healthy lifestyle. Regular exercise is essential for maintaining a healthy lifestyle, improving physical fitness, and reducing the risk of chronic diseases.",1,0.816497,0.947368,1.0,0.961538,0.952381,0.764706,1.0
"Exercise is essential for a healthy lifestyle. Regular exercise is essential for maintaining a healthy lifestyle, improving physical fitness, and reducing the risk of chronic diseases.",Translation services bridge language gaps. AI-powered tools facilitate international communication effectively.,0,0.0,0.0,0.0,0.461538,0.0,0.0,0.0
exercise essential a healthy lifestyle regular exercise is essential maintaining a healthy lifestyle improving physical fitness reducing the risk chronic diseases,"Cybercriminals exploit vulnerabilities. Hackers attack infrastructure, businesses, and individuals.",0,0.0,0.0,0.0,0.428571,0.0,0.0,0.0
Machine learning models require large datasets. Deep learning algorithms improve performance with more training examples and computational resources.,Machine learning models require large datasets. Deep learning algorithms improve performance with more training examples and computational resources.,1,1.0,1.0,1.0,1.0,1.0,1.0,1.0
machine learning models require large datasets deep learning algorithms improve performance more training examples computational resources,Machine learning models require large datasets. Deep learning algorithms improve performance with more training examples and computational resources.,1,1.0,0.882353,1.0,0.888889,0.5,0.790541,1.0
models require large datasets deep learning algorithms improve performance with more training examples and,Machine learning models require large datasets. Deep learning algorithms improve performance with more training examples and computational resources.,1,0.806775,0.823529,1.0,0.777778,0.75,0.683099,1.0
Machine learning models require large datasets. Deep learning algorithms improve performance with more training examples and computational resources.,Fungal networks connect plants. Underground symbiosis enables nutrient exchange.,0,0.0,0.0,0.0,0.5,0.0,0.0,0.0
machine learning models require large datasets deep learning algorithms improve performance more training examples computational resources,Protein structure research advances medicine. Molecular understanding enables targeted treatments.,0,0.0,0.0,0.0,0.625,0.0,0.004545,0.0
"Python programming enables data science applications. Developers use Python libraries for analysis, visualization, and machine learning tasks.","Python programming enables data science applications. Developers use Python libraries for analysis, visualization, and machine learning tasks.",1,1.0,1.0,1.0,1.0,1.0,1.0,1.0
python programming enables data science applications developers use python libraries for analysis visualization machine learning tasks,"Python programming enables data science applications. Developers use Python libraries for analysis, visualization, and machine learning tasks.",1,1.0,0.9375,1.0,0.941176,0.705882,0.780822,1.0
python programming enables data science applications developers use,"Python programming enables data science applications. Developers use Python libraries for analysis, visualization, and machine learning tasks.",1,0.714938,0.5,1.0,0.470588,0.4,0.427536,1.0
"Python programming enables data science applications. Developers use Python libraries for analysis, visualization, and machine learning tasks.",Nitrogen fixation improves soils. Legume bacteria reduce fertilizer requirements naturally.,0,0.0,0.0,0.0,0.588235,0.0,0.004545,0.0
python programming enables data science applications developers use python libraries analysis visualization machine learning tasks,Social media affects consumer choices. Advertising and peer recommendations influence purchasing decisions online.,0,0.0,0.0,0.0,0.866667,0.0,0.017699,0.0
Cloud computing provides scalable solutions. Companies deploy applications on cloud platforms for flexibility and cost efficiency.,Cloud computing provides scalable solutions. Companies deploy applications on cloud platforms for flexibility and cost efficiency.,1,1.0,1.0,1.0,1.0,1.0,1.0,1.0
cloud computing provides scalable solutions companies deploy applications on cloud platforms flexibility cost efficiency,Cloud computing provides scalable solutions. Companies deploy applications on cloud platforms for flexibility and cost efficiency.,1,1.0,0.866667,1.0,0.875,0.529412,0.792308,1.0
scalable solutions companies deploy applications on cloud platforms for flexibility and cost,Cloud computing provides scalable solutions. Companies deploy applications on cloud platforms for flexibility and cost efficiency.,1,0.690898,0.8,1.0,0.75,0.714286,0.664,1.0
Cloud computing provides scalable solutions. Companies deploy applications on cloud platforms for flexibility and cost efficiency.,Digital access expands educational opportunities. Online platforms reach populations previously excluded from schooling.,0,0.14635,0.037037,0.076923,0.8125,0.0,0.048673,0.076923
cloud computing provides scalable solutions companies deploy applications cloud platforms for flexibility and cost efficiency,Amphibian decline signals problems. Environmental stress threatens frog and salamander populations.,0,0.0,0.041667,0.090909,0.733333,0.0,0.014493,0.090909
Renewable energy reduces carbon emissions. Solar and wind power represent sustainable alternatives to fossil fuels.,Renewable energy reduces carbon emissions. Solar and wind power represent sustainable alternatives to fossil fuels.,1,1.0,1.0,1.0,1.0,1.0,1.0,1.0
renewable energy reduces carbon emissions solar wind power represent sustainable alternatives to fossil fuels,Renewable energy reduces carbon emissions. Solar and wind power represent sustainable alternatives to fossil fuels.,1,1.0,0.933333,1.0,0.933333,0.666667,0.82906,1.0
reduces carbon emissions solar and wind power represent sustainable alternatives to fossil fuels,Renewable energy reduces carbon emissions. Solar and wind power represent sustainable alternatives to fossil fuels.,1,0.816812,0.866667,1.0,0.866667,0.846154,0.77193,1.0
Renewable energy reduces carbon emissions. Solar and wind power represent sustainable alternatives to fossil fuels.,Antibiotic overuse generates resistance. Pathogen adaptation complicates infection treatment worldwide.,0,0.0,0.0,0.0,0.666667,0.0,0.0,0.0
renewable energy reduces carbon emissions solar wind power represent sustainable alternatives fossil fuels,Social media affects consumer choices. Advertising and peer recommendations influence purchasing decisions online.,0,0.0,0.0,0.0,1.0,0.0,0.014563,0.0
"Cybersecurity protects digital infrastructure. Organizations implement firewalls, encryption, and monitoring to prevent attacks.","Cybersecurity protects digital infrastructure. Organizations implement firewalls, encryption, and monitoring to prevent attacks.",1,1.0,1.0,1.0,1.0,1.0,1.0,1.0
cybersecurity protects digital infrastructure organizations implement firewalls encryption monitoring to prevent attacks,"Cybersecurity protects digital infrastructure. Organizations implement firewalls, encryption, and monitoring to prevent attacks.",1,1.0,0.923077,1.0,0.923077,0.615385,0.764706,1.0
digital infrastructure organizations implement firewalls encryption and monitoring to prevent,"Cybersecurity protects digital infrastructure. Organizations implement firewalls, encryption, and monitoring to prevent attacks.",1,0.921134,0.769231,1.0,0.769231,0.727273,0.566176,1.0
"Cybersecurity protects digital infrastructure. Organizations implement firewalls, encryption, and monitoring to prevent attacks.",Amphibian decline signals problems. Environmental stress threatens frog and salamander populations.,0,0.0,0.043478,0.090909,0.846154,0.0,0.013889,0.090909
cybersecurity protects digital infrastructure organizations implement firewalls encryption and monitoring prevent attacks,Photosynthesis efficiency improves crops. Enhanced light capture increases agricultural yields.,0,0.0,0.0,0.0,0.833333,0.0,0.004831,0.0
Blockchain creates decentralized networks. Cryptocurrencies use distributed ledgers for secure transactions without intermediaries.,Blockchain creates decentralized networks. Cryptocurrencies use distributed ledgers for secure transactions without intermediaries.,1,1.0,1.0,1.0,1.0,1.0,1.0,1.0
blockchain creates decentralized networks cryptocurrencies use distributed ledgers secure transactions without intermediaries,Blockchain creates decentralized networks. Cryptocurrencies use distributed ledgers for secure transactions without intermediaries.,1,1.0,0.923077,1.0,0.923077,0.615385,0.850746,1.0
decentralized networks cryptocurrencies use distributed ledgers for secure transactions without,Blockchain creates decentralized networks. Cryptocurrencies use distributed ledgers for secure transactions without intermediaries.,1,0.931785,0.769231,1.0,0.769231,0.727273,0.664122,1.0
Blockchain creates decentralized networks. Cryptocurrencies use distributed ledgers for secure transactions without intermediaries.,Real-time analytics drive insights. Live data processing enables quick decisions.,0,0.0,0.0,0.0,0.846154,0.0,0.0,0.0
blockchain creates decentralized networks cryptocurrencies use distributed ledgers secure transactions without intermediaries,Machine translation facilitates commerce. AI language tools break down international barriers.,0,0.0,0.0,0.0,0.916667,0.0,0.029412,0.0
Water conservation preserves natural resources. Efficient systems reduce waste and support agricultural sustainability.,Water conservation preserves natural resources. Efficient systems reduce waste and support agricultural sustainability.,1,1.0,1.0,1.0,1.0,1.0,1.0,1.0
water conservation preserves natural resources efficient systems reduce waste support agricultural sustainability,Water conservation preserves natural resources. Efficient systems reduce waste and support agricultural sustainability.,1,1.0,0.923077,1.0,0.923077,0.615385,0.833333,1.0
conservation preserves natural resources efficient systems reduce waste and,Water conservation preserves natural resources. Efficient systems reduce waste and support agricultural sustainability.,1,0.806595,0.692308,1.0,0.692308,0.636364,0.57265,1.0
Water conservation preserves natural resources. Efficient systems reduce waste and support agricultural sustainability.,Open source creates collaborative innovation. Community development benefits users worldwide.,0,0.0,0.0,0.0,0.769231,0.0,0.020202,0.0
water conservation preserves natural resources efficient systems reduce waste and support agricultural sustainability,Keystone species affect ecosystems. Specific organisms have disproportionate impacts.,0,0.0,0.0,0.0,0.692308,0.0,0.016043,0.0
Mental health matters as much as physical health. Psychological support and therapy improve overall wellbeing and life quality.,Mental health matters as much as physical health. Psychological support and therapy improve overall wellbeing and life quality.,1,1.0,1.0,1.0,1.0,1.0,1.0,1.0
mental health matters much physical health psychological support therapy improve overall wellbeing life quality,Mental health matters as much as physical health. Psychological support and therapy improve overall wellbeing and life quality.,1,1.0,0.866667,1.0,0.777778,0.217391,0.661538,1.0
matters as much as physical health psychological support and therapy improve overall,Mental health matters as much as physical health. Psychological support and therapy improve overall wellbeing and life quality.,1,0.734824,0.733333,1.0,0.666667,0.625,0.638655,1.0
Mental health matters as much as physical health. Psychological support and therapy improve overall wellbeing and life quality.,Autonomous vehicles promise transportation advances. Self-driving cars reduce accidents and improve mobility access.,0,0.09801,0.074074,0.142857,0.777778,0.0,0.027027,0.142857
mental health matters much physical health psychological support therapy improve overall wellbeing and life quality,Cloud computing provides scalable solutions. Companies deploy applications on cloud platforms for flexibility and cost efficiency.,0,0.0,0.035714,0.071429,0.9375,0.0,0.004444,0.071429
Quantum computers solve complex problems. These machines leverage superposition and entanglement for exponential speedups.,Quantum computers solve complex problems. These machines leverage superposition and entanglement for exponential speedups.,1,1.0,1.0,1.0,1.0,1.0,1.0,1.0
quantum computers solve complex problems these machines leverage superposition and entanglement for exponential speedups,Quantum computers solve complex problems. These machines leverage superposition and entanglement for exponential speedups.,1,1.0,1.0,1.0,1.0,1.0,0.917355,1.0
solve complex problems these machines leverage superposition and entanglement,Quantum computers solve complex problems. These machines leverage superposition and entanglement for exponential speedups.,1,1.0,0.642857,1.0,0.642857,0.583333,0.570248,1.0
Quantum computers solve complex problems. These machines leverage superposition and entanglement for exponential speedups.,Genetic engineering creates medical innovations. CRISPR technology enables targeted gene editing for disease treatment.,0,0.0,0.037037,0.071429,1.0,0.0,0.004329,0.071429
quantum computers solve complex problems these machines leverage superposition entanglement exponential speedups,Biomimetic design solves problems. Nature-inspired solutions leverage evolved adaptations.,0,0.560036,0.1,0.2,0.833333,0.0,0.078652,0.2
Social media affects consumer choices. Advertising and peer recommendations influence purchasing decisions online.,Social media affects consumer choices. Advertising and peer recommendations influence purchasing decisions online.,1,1.0,1.0,1.0,1.0,1.0,1.0,1.0
social media affects consumer choices advertising peer recommendations influence purchasing decisions online,Social media affects consumer choices. Advertising and peer recommendations influence purchasing decisions online.,1,1.0,0.923077,1.0,0.923077,0.615385,0.826087,1.0
affects consumer choices advertising and peer recommendations influence purchasing decisions online,Social media affects consumer choices. Advertising and peer recommendations influence purchasing decisions online.,1,0.91358,0.846154,1.0,0.846154,0.818182,0.794643,1.0
Social media affects consumer choices. Advertising and peer recommendations influence purchasing decisions online.,Caching accelerates responses. In-memory storage reduces processing overhead.,0,0.0,0.0,0.0,0.692308,0.0,0.011173,0.0
social media affects consumer choices advertising and peer recommendations influence purchasing decisions online,Grid modernization supports renewable integration. Smart grids balance variable renewable energy sources efficiently.,0,0.0,0.0,0.0,1.0,0.0,0.004785,0.0
Biodiversity loss accelerates extinction rates. Habitat destruction threatens countless species across ecosystems.,Biodiversity loss accelerates extinction rates. Habitat destruction threatens countless species across ecosystems.,1,1.0,1.0,1.0,1.0,1.0,1.0,1.0
biodiversity loss accelerates extinction rates habitat destruction threatens countless species across ecosystems,Biodiversity loss accelerates extinction rates. Habitat destruction threatens countless species across ecosystems.,1,1.0,1.0,1.0,1.0,1.0,0.918182,1.0
accelerates extinction rates habitat destruction threatens countless species across ecosystems,Biodiversity loss accelerates extinction rates. Habitat destruction threatens countless species across ecosystems.,1,0.796594,0.833333,1.0,0.833333,0.8,0.754545,1.0
Biodiversity loss accelerates extinction rates. Habitat destruction threatens countless species across ecosystems.,Pandemic response requires coordination. Global health strategies balance disease control with economic activity.,0,0.0,0.0,0.0,0.923077,0.0,0.0,0.0
biodiversity loss accelerates extinction rates habitat destruction threatens countless species across ecosystems,Distributed systems ensure availability. Redundant architecture maintains service continuity.,0,0.0,0.0,0.0,0.75,0.0,0.015789,0.0
Genetic engineering creates medical innovations. CRISPR technology enables targeted gene editing for disease treatment.,Genetic engineering creates medical innovations. CRISPR technology enables targeted gene editing for disease treatment.,1,1.0,1.0,1.0,1.0,1.0,1.0,1.0
genetic engineering creates medical innovations crispr technology enables targeted gene editing disease treatment,Genetic engineering creates medical innovations. CRISPR technology enables targeted gene editing for disease treatment.,1,1.0,0.928571,1.0,0.928571,0.642857,0.836066,1.0
creates medical innovations crispr technology enables targeted gene editing for,Genetic engineering creates medical innovations. CRISPR technology enables targeted gene editing for disease treatment.,1,0.771633,0.714286,1.0,0.714286,0.666667,0.596639,1.0
Genetic engineering creates medical innovations. CRISPR technology enables targeted gene editing for disease treatment.,Satellite imagery tracks changes. Remote sensing monitors deforestation and urbanization.,0,0.0,0.0,0.0,0.714286,0.0,0.005051,0.0
genetic engineering creates medical innovations crispr technology enables targeted gene editing disease treatment,Kubernetes orchestrates containers. Automation scales and updates applications.,0,0.0,0.0,0.0,0.615385,0.0,0.01676,0.0
Urban sustainable cities integrate green infrastructure. Mixed-use development reduces environmental impact and improves livability.,Urban sustainable cities integrate green infrastructure. Mixed-use development reduces environmental impact and improves livability.,1,1.0,1.0,1.0,1.0,1.0,1.0,1.0
urban sustainable cities integrate green infrastructure mixed use development reduces environmental impact improves livability,Urban sustainable cities integrate green infrastructure. Mixed-use development reduces environmental impact and improves livability.,1,1.0,0.933333,1.0,0.933333,0.666667,0.785714,1.0
sustainable cities integrate green infrastructure mixed use development,Urban sustainable cities integrate green infrastructure. Mixed-use development reduces environmental impact and improves livability.,1,0.664804,0.533333,1.0,0.533333,0.461538,0.423358,1.0
Urban sustainable cities integrate green infrastructure. Mixed-use development reduces environmental impact and improves livability.,Antibiotic overuse generates resistance. Pathogen adaptation complicates infection treatment worldwide.,0,0.0,0.0,0.0,0.666667,0.0,0.008969,0.0
urban sustainable cities integrate green infrastructure mixed use development reduces environmental impact improves livability,Climate change is a pressing global issue. Climate change is a pressing global issue that requires immediate action to reduce carbon emissions and promote sustainable practices.,0,0.065186,0.03125,0.071429,0.538462,0.0,0.04878,0.071429
Supply chain optimization reduces costs. Efficient logistics minimize delays and inventory expenses significantly.,Supply chain optimization reduces costs. Efficient logistics minimize delays and inventory expenses significantly.,1,1.0,1.0,1.0,1.0,1.0,1.0,1.0
supply chain optimization reduces costs efficient logistics minimize delays inventory expenses significantly,Supply chain optimization reduces costs. Efficient logistics minimize delays and inventory expenses significantly.,1,1.0,0.923077,1.0,0.923077,0.615385,0.82906,1.0
supply chain optimization reduces costs efficient logistics minimize,Supply chain optimization reduces costs. Efficient logistics minimize delays and inventory expenses significantly.,1,1.0,0.615385,1.0,0.615385,0.545455,0.526316,1.0
Supply chain optimization reduces costs. Efficient logistics minimize delays and inventory expenses significantly.,"Cybersecurity protects digital infrastructure. Organizations implement firewalls, encryption, and monitoring to prevent attacks.",0,0.0,0.04,0.076923,1.0,0.0,0.017391,0.076923
supply chain optimization reduces costs efficient logistics minimize delays inventory expenses significantly,Tourism balances development and culture. Sustainable planning protects communities.,0,0.0,0.0,0.0,0.75,0.0,0.0,0.0
Ocean plastic pollution threatens marine life. Microplastics accumulate in ecosystems and food chains globally.,Ocean plastic pollution threatens marine life. Microplastics accumulate in ecosystems and food chains globally.,1,1.0,1.0,1.0,1.0,1.0,1.0,1.0
ocean plastic pollution threatens marine life microplastics accumulate ecosystems and food chains globally,Ocean plastic pollution threatens marine life. Microplastics accumulate in ecosystems and food chains globally.,1,1.0,0.928571,1.0,0.928571,0.642857,0.828829,1.0
plastic pollution threatens marine life microplastics accumulate in,Ocean plastic pollution threatens marine life. Microplastics accumulate in ecosystems and food chains globally.,1,0.727971,0.571429,1.0,0.571429,0.5,0.518519,1.0
Ocean plastic pollution threatens marine life. Microplastics accumulate in ecosystems and food chains globally.,Network encryption prevents breaches. Secure protocols protect data transmission reliability.,0,0.0,0.0,0.0,0.714286,0.0,0.005236,0.0
ocean plastic pollution threatens marine life microplastics accumulate ecosystems food chains globally,Autonomous vehicles promise transportation advances. Self-driving cars reduce accidents and improve mobility access.,0,0.0,0.0,0.0,0.857143,0.0,0.004854,0.0
Virtual reality transforms training and education. Immersive environments provide interactive learning experiences effectively.,Virtual reality transforms training and education. Immersive environments provide interactive learning experiences effectively.,1,1.0,1.0,1.0,1.0,1.0,1.0,1.0
virtual reality transforms training education immersive environments provide interactive learning experiences effectively,Virtual reality transforms training and education. Immersive environments provide interactive learning experiences effectively.,1,1.0,0.923077,1.0,0.923077,0.615385,0.850394,1.0
transforms training and education immersive environments provide interactive learning experiences effectively,Virtual reality transforms training and education. Immersive environments provide interactive learning experiences effectively.,1,0.833643,0.846154,1.0,0.846154,0.818182,0.792,1.0
Virtual reality transforms training and education. Immersive environments provide interactive learning experiences effectively.,Bioengineered organs enable transplantation. Lab-grown tissues replace damaged organs without rejection risks.,0,0.0,0.0,0.0,1.0,0.0,0.023148,0.0
virtual reality transforms training education immersive environments provide interactive learning experiences effectively,Permafrost releases greenhouse gases. Thawing soil accelerates climate change.,0,0.0,0.0,0.0,0.75,0.0,0.0,0.0
Economic inequality perpetuates social problems. Wage gaps and resource disparities create structural disadvantages.,Economic inequality perpetuates social problems. Wage gaps and resource disparities create structural disadvantages.,1,1.0,1.0,1.0,1.0,1.0,1.0,1.0
economic inequality perpetuates social problems wage gaps resource disparities create structural disadvantages,Economic inequality perpetuates social problems. Wage gaps and resource disparities create structural disadvantages.,1,1.0,0.923077,1.0,0.923077,0.615385,0.831933,1.0
economic inequality perpetuates social problems wage gaps and,Economic inequality perpetuates social problems. Wage gaps and resource disparities create structural disadvantages.,1,0.798745,0.615385,1.0,0.615385,0.545455,0.456897,1.0
Economic inequality perpetuates social problems. Wage gaps and resource disparities create structural disadvantages.,Biomimetic design solves problems. Nature-inspired solutions leverage evolved adaptations.,0,0.176574,0.045455,0.1,0.769231,0.0,0.036842,0.1
economic inequality perpetuates social problems wage gaps resource disparities create structural disadvantages,ADHD affects student achievement. Learning support improves focus and academic performance.,0,0.0,0.0,0.0,0.916667,0.0,0.0,0.0
Nanotechnology produces advanced materials. Atomic-scale engineering creates products with superior properties.,Nanotechnology produces advanced materials. Atomic-scale engineering creates products with superior properties.,1,1.0,1.0,1.0,1.0,1.0,1.0,1.0
nanotechnology produces advanced materials atomic scale engineering creates products superior properties,Nanotechnology produces advanced materials. Atomic-scale engineering creates products with superior properties.,1,1.0,0.916667,1.0,0.916667,0.583333,0.732759,1.0
advanced materials atomic scale engineering creates products with,Nanotechnology produces advanced materials. Atomic-scale engineering creates products with superior properties.,1,0.905556,0.666667,1.0,0.666667,0.6,0.460177,1.0
Nanotechnology produces advanced materials. Atomic-scale engineering creates products with superior properties.,Load balancing distributes server traffic. Multiple servers prevent bottlenecks and failures.,0,0.0,0.0,0.0,0.916667,0.0,0.0,0.0
nanotechnology produces advanced materials atomic scale engineering creates products with superior properties,Technology affects attention spans. Digital stimulation trains preferences for shallow engagement.,0,0.0,0.0,0.0,0.916667,0.0,0.037234,0.0
Precision farming optimizes agricultural yields. Drone monitoring and sensors guide precise resource application.,Precision farming optimizes agricultural yields. Drone monitoring and sensors guide precise resource application.,1,1.0,1.0,1.0,1.0,1.0,1.0,1.0
precision farming optimizes agricultural yields drone monitoring sensors guide precise resource application,Precision farming optimizes agricultural yields. Drone monitoring and sensors guide precise resource application.,1,1.0,0.923077,1.0,0.923077,0.615385,0.824561,1.0
farming optimizes agricultural yields drone monitoring and sensors guide precise,Precision farming optimizes agricultural yields. Drone monitoring and sensors guide precise resource application.,1,0.91978,0.769231,1.0,0.769231,0.727273,0.648649,1.0
Precision farming optimizes agricultural yields. Drone monitoring and sensors guide precise resource application.,Wildlife trafficking fuels crime. Illegal animal trade devastates populations.,0,0.0,0.0,0.0,0.692308,0.0,0.005556,0.0
precision farming optimizes agricultural yields drone monitoring sensors guide precise resource application,Nitrogen fixation improves soils. Legume bacteria reduce fertilizer requirements naturally.,0,0.0,0.0,0.0,0.833333,0.0,0.010753,0.0
Space exploration advances scientific knowledge. Research missions discover new worlds and expand understanding.,Space exploration advances scientific knowledge. Research missions discover new worlds and expand understanding.,1,1.0,1.0,1.0,1.0,1.0,1.0,1.0
space exploration advances scientific knowledge research missions discover new worlds expand understanding,Space exploration advances scientific knowledge. Research missions discover new worlds and expand understanding.,1,1.0,0.923077,1.0,0.923077,0.615385,0.826087,1.0
advances scientific knowledge research missions discover new worlds and expand understanding,Space exploration advances scientific knowledge. Research missions discover new worlds and expand understanding.,1,1.0,0.846154,1.0,0.846154,0.818182,0.75,1.0
Space exploration advances scientific knowledge. Research missions discover new worlds and expand understanding.,Urban sustainable cities integrate green infrastructure. Mixed-use development reduces environmental impact and improves livability.,0,0.0,0.037037,0.076923,0.866667,0.0,0.004255,0.076923
space exploration advances scientific knowledge research missions discover new worlds expand understanding,3D printing enables customization. Additive manufacturing produces complex objects efficiently.,0,0.0,0.0,0.0,0.833333,0.0,0.010471,0.0
Pandemic response requires coordination. Global health strategies balance disease control with economic activity.,Pandemic response requires coordination. Global health strategies balance disease control with economic activity.,1,1.0,1.0,1.0,1.0,1.0,1.0,1.0
pandemic response requires coordination global health strategies balance disease control economic activity,Pandemic response requires coordination. Global health strategies balance disease control with economic activity.,1,1.0,0.923077,1.0,0.923077,0.615385,0.818966,1.0
pandemic response requires coordination global health strategies balance disease control with,Pandemic response requires coordination. Global health strategies balance disease control with economic activity.,1,0.908139,0.846154,1.0,0.846154,0.818182,0.752212,1.0
Pandemic response requires coordination. Global health strategies balance disease control with economic activity.,NoSQL databases store diverse data. Flexible schemas handle unstructured information.,0,0.0,0.0,0.0,0.769231,0.0,0.010695,0.0
pandemic response requires coordination global health strategies balance disease control with economic activity,Nitrogen fixation improves soils. Legume bacteria reduce fertilizer requirements naturally.,0,0.0,0.0,0.0,0.769231,0.0,0.031915,0.0
Internet commerce reshapes retail landscapes. Online shopping changes consumer expectations and business models.,Internet commerce reshapes retail landscapes. Online shopping changes consumer expectations and business models.,1,1.0,1.0,1.0,1.0,1.0,1.0,1.0
internet commerce reshapes retail landscapes online shopping changes consumer expectations business models,Internet commerce reshapes retail landscapes. Online shopping changes consumer expectations and business models.,1,1.0,0.923077,1.0,0.923077,0.615385,0.833333,1.0
reshapes retail landscapes online shopping changes consumer expectations,Internet commerce reshapes retail landscapes. Online shopping changes consumer expectations and business models.,1,0.748776,0.615385,1.0,0.615385,0.545455,0.576577,1.0
Internet commerce reshapes retail landscapes. Online shopping changes consumer expectations and business models.,Amphibian decline signals problems. Environmental stress threatens frog and salamander populations.,0,0.0,0.043478,0.090909,0.846154,0.0,0.025253,0.090909
internet commerce reshapes retail landscapes online shopping changes consumer expectations and business models,Water conservation preserves natural resources. Efficient systems reduce waste and support agricultural sustainability.,0,0.0,0.04,0.076923,1.0,0.0,0.013953,0.076923
Grid modernization supports renewable integration. Smart grids balance variable renewable energy sources efficiently.,Grid modernization supports renewable integration. Smart grids balance variable renewable energy sources efficiently.,1,1.0,1.0,1.0,1.0,1.0,1.0,1.0
grid modernization supports renewable integration smart grids balance variable renewable energy sources efficiently,Grid modernization supports renewable integration. Smart grids balance variable renewable energy sources efficiently.,1,1.0,1.0,1.0,1.0,1.0,0.924528,1.0
grid modernization supports renewable integration smart grids balance variable,Grid modernization supports renewable integration. Smart grids balance variable renewable energy sources efficiently.,1,0.806334,0.75,1.0,0.692308,0.636364,0.650943,1.0
Grid modernization supports renewable integration. Smart grids balance variable renewable energy sources efficiently.,Biometrics secure access systems. Fingerprints and facial recognition verify identity reliably.,0,0.0,0.0,0.0,0.846154,0.0,0.005155,0.0
grid modernization supports renewable integration smart grids balance variable renewable energy sources efficiently,UX design influences product adoption. Interface usability determines customer satisfaction.,0,0.0,0.0,0.0,0.769231,0.0,0.005376,0.0
Personalized medicine customizes treatment plans. Genetic profiling enables targeted therapeutic interventions.,Personalized medicine customizes treatment plans. Genetic profiling enables targeted therapeutic interventions.,1,1.0,1.0,1.0,1.0,1.0,1.0,1.0
personalized medicine customizes treatment plans genetic profiling enables targeted therapeutic interventions,Personalized medicine customizes treatment plans. Genetic profiling enables targeted therapeutic interventions.,1,1.0,1.0,1.0,1.0,1.0,0.90991,1.0
medicine customizes treatment plans genetic profiling enables targeted,Personalized medicine customizes treatment plans. Genetic profiling enables targeted therapeutic interventions.,1,0.911629,0.727273,1.0,0.727273,0.666667,0.558559,1.0
Personalized medicine customizes treatment plans. Genetic profiling enables targeted therapeutic interventions.,Nitrogen fixation improves soils. Legume bacteria reduce fertilizer requirements naturally.,0,0.0,0.0,0.0,0.909091,0.0,0.0,0.0
personalized medicine customizes treatment plans genetic profiling enables targeted therapeutic interventions,"Cybercriminals exploit vulnerabilities. Hackers attack infrastructure, businesses, and individuals.",0,0.0,0.0,0.0,0.818182,0.0,0.0,0.0
Critical thinking develops analytical skills. Problem-solving abilities improve decision making and reasoning.,Critical thinking develops analytical skills. Problem-solving abilities improve decision making and reasoning.,1,1.0,1.0,1.0,1.0,1.0,1.0,1.0
critical thinking develops analytical skills problem solving abilities improve decision making and reasoning,Critical thinking develops analytical skills. Problem-solving abilities improve decision making and reasoning.,1,1.0,1.0,1.0,1.0,1.0,0.81982,1.0
critical thinking develops analytical skills problem solving abilities improve decision making,Critical thinking develops analytical skills. Problem-solving abilities improve decision making and reasoning.,1,1.0,0.846154,1.0,0.846154,0.818182,0.711712,1.0
Critical thinking develops analytical skills. Problem-solving abilities improve decision making and reasoning.,"Technology is changing the modern classroom. Technology is changing the modern classroom by improving access to information, digital collaboration, and personalized learning opportunities for students.",0,0.0,0.032258,0.076923,0.52,0.0,0.032129,0.076923
critical thinking develops analytical skills problem solving abilities improve decision making reasoning,mRNA vaccines accelerate immunology. Novel platforms enable rapid vaccine development cycles.,0,0.0,0.0,0.0,0.916667,0.0,0.022472,0.0
Autonomous vehicles promise transportation advances. Self-driving cars reduce accidents and improve mobility access.,Autonomous vehicles promise transportation advances. Self-driving cars reduce accidents and improve mobility access.,1,1.0,1.0,1.0,1.0,1.0,1.0,1.0
autonomous vehicles promise transportation advances self driving cars reduce accidents and improve mobility access,Autonomous vehicles promise transportation advances. Self-driving cars reduce accidents and improve mobility access.,1,1.0,1.0,1.0,1.0,1.0,0.834711,1.0
vehicles promise transportation advances self driving cars reduce accidents and,Autonomous vehicles promise transportation advances. Self-driving cars reduce accidents and improve mobility access.,1,0.749141,0.714286,1.0,0.714286,0.666667,0.545455,1.0
Autonomous vehicles promise transportation advances. Self-driving cars reduce accidents and improve mobility access.,3D printing enables customization. Additive manufacturing produces complex objects efficiently.,0,0.0,0.0,0.0,0.714286,0.0,0.00495,0.0
autonomous vehicles promise transportation advances self driving cars reduce accidents and improve mobility access,Gene therapy cures inherited diseases. Molecular gene editing offers potential cures.,0,0.0,0.0,0.0,0.785714,0.0,0.0,0.0
Bioengineered organs enable transplantation. Lab-grown tissues replace damaged organs without rejection risks.,Bioengineered organs enable transplantation. Lab-grown tissues replace damaged organs without rejection risks.,1,1.0,1.0,1.0,1.0,1.0,1.0,1.0
bioengineered organs enable transplantation lab grown tissues replace damaged organs without rejection risks,Bioengineered organs enable transplantation. Lab-grown tissues replace damaged organs without rejection risks.,1,1.0,1.0,1.0,1.0,1.0,0.824074,1.0
enable transplantation lab grown tissues replace damaged organs without rejection risks,Bioengineered organs enable transplantation. Lab-grown tissues replace damaged organs without rejection risks.,1,1.0,0.916667,1.0,0.846154,0.818182,0.685185,1.0
Bioengineered organs enable transplantation. Lab-grown tissues replace damaged organs without rejection risks.,Ocean plastic pollution threatens marine life. Microplastics accumulate in ecosystems and food chains globally.,0,0.0,0.0,0.0,0.928571,0.0,0.004926,0.0
bioengineered organs enable transplantation lab grown tissues replace damaged organs without rejection risks,Space exploration advances scientific knowledge. Research missions discover new worlds and expand understanding.,0,0.0,0.0,0.0,1.0,0.0,0.009852,0.0
Digital access expands educational opportunities. Online platforms reach populations previously excluded from schooling.,Digital access expands educational opportunities. Online platforms reach populations previously excluded from schooling.,1,1.0,1.0,1.0,1.0,1.0,1.0,1.0
digital access expands educational opportunities online platforms reach populations previously excluded schooling,Digital access expands educational opportunities. Online platforms reach populations previously excluded from schooling.,1,1.0,0.923077,1.0,0.923077,0.75,0.827869,1.0
digital access expands educational opportunities online platforms reach populations previously excluded from,Digital access expands educational opportunities. Online platforms reach populations previously excluded from schooling.,1,1.0,0.923077,1.0,0.923077,0.909091,0.831933,1.0
Digital access expands educational opportunities. Online platforms reach populations previously excluded from schooling.,Microbiome research links health. Bacterial communities affect digestion and immunity.,0,0.0,0.0,0.0,0.769231,0.0,0.015625,0.0
digital access expands educational opportunities online platforms reach populations previously excluded schooling,Open source creates collaborative innovation. Community development benefits users worldwide.,0,0.0,0.0,0.0,0.833333,0.0,0.005102,0.0
Circular economy principles minimize waste. Product redesign emphasizes reuse and recycling sustainability.,Circular economy principles minimize waste. Product redesign emphasizes reuse and recycling sustainability.,1,1.0,1.0,1.0,1.0,1.0,1.0,1.0
circular economy principles minimize waste product redesign emphasizes reuse recycling sustainability,Circular economy principles minimize waste. Product redesign emphasizes reuse and recycling sustainability.,1,1.0,0.916667,1.0,0.916667,0.583333,0.818182,1.0
circular economy principles minimize waste product redesign emphasizes reuse and recycling sustainability,Circular economy principles minimize waste. Product redesign emphasizes reuse and recycling sustainability.,1,1.0,1.0,1.0,1.0,1.0,0.906542,1.0
Circular economy principles minimize waste. Product redesign emphasizes reuse and recycling sustainability.,Coastal communities face erosion risks. Rising seas damage infrastructure and habitats.,0,0.0,0.045455,0.090909,0.916667,0.0,0.016393,0.090909
circular economy principles minimize waste product redesign emphasizes reuse and recycling sustainability,Photosynthesis efficiency improves crops. Enhanced light capture increases agricultural yields.,0,0.0,0.0,0.0,0.833333,0.0,0.0,0.0
"Sleep impacts cognitive capabilities. Rest requirements affect memory, focus, and emotional regulation.","Sleep impacts cognitive capabilities. Rest requirements affect memory, focus, and emotional regulation.",1,1.0,1.0,1.0,1.0,1.0,1.0,1.0
sleep impacts cognitive capabilities rest requirements affect memory focus emotional regulation,"Sleep impacts cognitive capabilities. Rest requirements affect memory, focus, and emotional regulation.",1,1.0,0.916667,1.0,0.916667,0.583333,0.711712,1.0
sleep impacts cognitive capabilities rest requirements affect memory focus and emotional regulation,"Sleep impacts cognitive capabilities. Rest requirements affect memory, focus, and emotional regulation.",1,1.0,1.0,1.0,1.0,1.0,0.747748,1.0
"Sleep impacts cognitive capabilities. Rest requirements affect memory, focus, and emotional regulation.",Blockchain creates decentralized networks. Cryptocurrencies use distributed ledgers for secure transactions without intermediaries.,0,0.0,0.0,0.0,0.923077,0.0,0.0,0.0
sleep impacts cognitive capabilities rest requirements affect memory focus emotional regulation,Migration patterns change with climate. Species alter breeding and feeding timing.,0,0.0,0.0,0.0,1.0,0.0,0.006061,0.0
Data security requires cryptography. Encryption protects sensitive information from unauthorized access.,Data security requires cryptography. Encryption protects sensitive information from unauthorized access.,1,1.0,1.0,1.0,1.0,1.0,1.0,1.0
data security requires cryptography encryption protects sensitive information unauthorized access,Data security requires cryptography. Encryption protects sensitive information from unauthorized access.,1,1.0,0.909091,1.0,0.909091,0.545455,0.8,1.0
requires cryptography encryption protects sensitive information from unauthorized,Data security requires cryptography. Encryption protects sensitive information from unauthorized access.,1,0.764378,0.727273,1.0,0.727273,0.666667,0.696078,1.0
Data security requires cryptography. Encryption protects sensitive information from unauthorized access.,"Cybercriminals exploit vulnerabilities. Hackers attack infrastructure, businesses, and individuals.",0,0.0,0.0,0.0,0.818182,0.0,0.0,0.0
data security requires cryptography encryption protects sensitive information from unauthorized access,Biodiversity loss accelerates extinction rates. Habitat destruction threatens countless species across ecosystems.,0,0.0,0.0,0.0,0.916667,0.0,0.00995,0.0
"Agricultural technology increases productivity. Automation, sensors, and monitoring boost crop yields.","Agricultural technology increases productivity. Automation, sensors, and monitoring boost crop yields.",1,1.0,1.0,1.0,1.0,1.0,1.0,1.0
agricultural technology increases productivity automation sensors monitoring boost crop yields,"Agricultural technology increases productivity. Automation, sensors, and monitoring boost crop yields.",1,1.0,0.909091,1.0,0.909091,0.545455,0.709091,1.0
increases productivity automation sensors and monitoring boost crop,"Agricultural technology increases productivity. Automation, sensors, and monitoring boost crop yields.",1,0.81164,0.727273,1.0,0.727273,0.666667,0.463636,1.0
"Agricultural technology increases productivity. Automation, sensors, and monitoring boost crop yields.",Streaming platforms change entertainment. On-demand content challenges traditional broadcast models.,0,0.0,0.0,0.0,1.0,0.0,0.0,0.0
agricultural technology increases productivity automation sensors monitoring boost crop yields,Blockchain creates decentralized networks. Cryptocurrencies use distributed ledgers for secure transactions without intermediaries.,0,0.0,0.0,0.0,0.769231,0.0,0.0,0.0
Emotional intelligence strengthens relationships. Empathy and communication skills improve social interactions.,Emotional intelligence strengthens relationships. Empathy and communication skills improve social interactions.,1,1.0,1.0,1.0,1.0,1.0,1.0,1.0
emotional intelligence strengthens relationships empathy communication skills improve social interactions,Emotional intelligence strengthens relationships. Empathy and communication skills improve social interactions.,1,1.0,0.909091,1.0,0.909091,0.545455,0.816514,1.0
strengthens relationships empathy and communication skills improve social interactions,Emotional intelligence strengthens relationships. Empathy and communication skills improve social interactions.,1,0.810681,0.818182,1.0,0.818182,0.777778,0.716981,1.0
Emotional intelligence strengthens relationships. Empathy and communication skills improve social interactions.,API versioning ensures compatibility. Multiple versions allow gradual client upgrades.,0,0.0,0.0,0.0,0.909091,0.0,0.0,0.0
emotional intelligence strengthens relationships empathy communication skills improve social interactions,Circular economy principles minimize waste. Product redesign emphasizes reuse and recycling sustainability.,0,0.0,0.0,0.0,0.833333,0.0,0.0,0.0
Genetic synthesis creates organisms. Engineered microbes produce medicines and biofuels sustainably.,Genetic synthesis creates organisms. Engineered microbes produce medicines and biofuels sustainably.,1,1.0,1.0,1.0,1.0,1.0,1.0,1.0
genetic synthesis creates organisms engineered microbes produce medicines and biofuels sustainably,Genetic synthesis creates organisms. Engineered microbes produce medicines and biofuels sustainably.,1,1.0,1.0,1.0,1.0,1.0,0.9,1.0
genetic synthesis creates organisms engineered microbes produce medicines and biofuels,Genetic synthesis creates organisms. Engineered microbes produce medicines and biofuels sustainably.,1,1.0,0.909091,1.0,0.909091,0.888889,0.78,1.0
Genetic synthesis creates organisms. Engineered microbes produce medicines and biofuels sustainably.,Reforestation combats climate change. Tree planting restores habitats and sequesters carbon.,0,0.0,0.047619,0.090909,1.0,0.0,0.010989,0.090909
genetic synthesis creates organisms engineered microbes produce medicines and biofuels sustainably,Genetic engineering creates medical innovations. CRISPR technology enables targeted gene editing for disease treatment.,0,0.2909,0.086957,0.181818,0.785714,0.0,0.082902,0.181818
Smart homes automate building systems. Connected devices enable remote environmental control.,Smart homes automate building systems. Connected devices enable remote environmental control.,1,1.0,1.0,1.0,1.0,1.0,1.0,1.0
smart homes automate building systems connected devices enable remote environmental control,Smart homes automate building systems. Connected devices enable remote environmental control.,1,1.0,1.0,1.0,1.0,1.0,0.892473,1.0
homes automate building systems connected devices enable remote environmental,Smart homes automate building systems. Connected devices enable remote environmental control.,1,0.782038,0.818182,1.0,0.818182,0.777778,0.741935,1.0
Smart homes automate building systems. Connected devices enable remote environmental control.,Translation services bridge language gaps. AI-powered tools facilitate international communication effectively.,0,0.0,0.0,0.0,0.916667,0.0,0.015789,0.0
smart homes automate building systems connected devices enable remote environmental control,Apex predators maintain balance. Top predators control prey and preserve biodiversity.,0,0.239546,0.05,0.1,1.0,0.0,0.031847,0.1
Translation services bridge language gaps. AI-powered tools facilitate international communication effectively.,Translation services bridge language gaps. AI-powered tools facilitate international communication effectively.,1,1.0,1.0,1.0,1.0,1.0,1.0,1.0
translation services bridge language gaps ai powered tools facilitate international communication effectively,Translation services bridge language gaps. AI-powered tools facilitate international communication effectively.,1,1.0,1.0,1.0,1.0,1.0,0.839286,1.0
translation services bridge language gaps ai powered tools,Translation services bridge language gaps. AI-powered tools facilitate international communication effectively.,1,0.824757,0.666667,1.0,0.666667,0.6,0.410714,1.0
Translation services bridge language gaps. AI-powered tools facilitate international communication effectively.,Robotics increases manufacturing efficiency. Automation handles repetitive dangerous tasks safely.,0,0.0,0.0,0.0,0.833333,0.0,0.010204,0.0
translation services bridge language gaps ai powered tools facilitate international communication effectively,Streaming platforms change entertainment. On-demand content challenges traditional broadcast models.,0,0.0,0.0,0.0,0.916667,0.0,0.015385,0.0
Meditation practices reduce anxiety. Mindfulness techniques lower stress hormones and improve mental health.,Meditation practices reduce anxiety. Mindfulness techniques lower stress hormones and improve mental health.,1,1.0,1.0,1.0,1.0,1.0,1.0,1.0
meditation practices reduce anxiety mindfulness techniques lower stress hormones and improve mental health,Meditation practices reduce anxiety. Mindfulness techniques lower stress hormones and improve mental health.,1,1.0,1.0,1.0,1.0,1.0,0.907407,1.0
meditation practices reduce anxiety mindfulness techniques lower stress,Meditation practices reduce anxiety. Mindfulness techniques lower stress hormones and improve mental health.,1,0.656438,0.615385,1.0,0.615385,0.545455,0.583333,1.0
Meditation practices reduce anxiety. Mindfulness techniques lower stress hormones and improve mental health.,Probiotics support digestive health. Beneficial bacteria improve microbiome balance and immunity.,0,0.205329,0.142857,0.272727,0.846154,0.0,0.076923,0.272727
meditation practices reduce anxiety mindfulness techniques lower stress hormones improve mental health,Grid modernization supports renewable integration. Smart grids balance variable renewable energy sources efficiently.,0,0.0,0.0,0.0,0.923077,0.0,0.01,0.0
Cryptocurrency creates financial alternatives. Decentralized currencies offer borderless payment mechanisms.,Cryptocurrency creates financial alternatives. Decentralized currencies offer borderless payment mechanisms.,1,1.0,1.0,1.0,1.0,1.0,1.0,1.0
cryptocurrency creates financial alternatives decentralized currencies offer borderless payment mechanisms,Cryptocurrency creates financial alternatives. Decentralized currencies offer borderless payment mechanisms.,1,1.0,1.0,1.0,1.0,1.0,0.904762,1.0
cryptocurrency creates financial alternatives decentralized currencies offer borderless payment,Cryptocurrency creates financial alternatives. Decentralized currencies offer borderless payment mechanisms.,1,1.0,0.9,1.0,0.9,0.875,0.8,1.0
Cryptocurrency creates financial alternatives. Decentralized currencies offer borderless payment mechanisms.,Invasive plants damage ecosystems. Aggressive species reduce native biodiversity.,0,0.0,0.0,0.0,0.9,0.0,0.017241,0.0
cryptocurrency creates financial alternatives decentralized currencies offer borderless payment mechanisms,Renewable energy reduces carbon emissions. Solar and wind power represent sustainable alternatives to fossil fuels.,0,0.154058,0.041667,0.1,0.666667,0.0,0.050251,0.1
Antibiotic overuse generates resistance. Pathogen adaptation complicates infection treatment worldwide.,Antibiotic overuse generates resistance. Pathogen adaptation complicates infection treatment worldwide.,1,1.0,1.0,1.0,1.0,1.0,1.0,1.0
antibiotic overuse generates resistance pathogen adaptation complicates infection treatment worldwide,Antibiotic overuse generates resistance. Pathogen adaptation complicates infection treatment worldwide.,1,1.0,1.0,1.0,1.0,1.0,0.90099,1.0
antibiotic overuse generates resistance pathogen adaptation complicates infection treatment,Antibiotic overuse generates resistance. Pathogen adaptation complicates infection treatment worldwide.,1,0.875009,0.9,1.0,0.9,0.875,0.80198,1.0
Antibiotic overuse generates resistance. Pathogen adaptation complicates infection treatment worldwide.,"Agricultural technology increases productivity. Automation, sensors, and monitoring boost crop yields.",0,0.0,0.0,0.0,0.909091,0.0,0.005155,0.0
antibiotic overuse generates resistance pathogen adaptation complicates infection treatment worldwide,Virtual reality transforms training and education. Immersive environments provide interactive learning experiences effectively.,0,0.0,0.0,0.0,0.769231,0.0,0.009346,0.0
Remote work enables flexible arrangements. Distributed teams collaborate through digital communication tools.,Remote work enables flexible arrangements. Distributed teams collaborate through digital communication tools.,1,1.0,1.0,1.0,1.0,1.0,1.0,1.0
remote work enables flexible arrangements distributed teams collaborate through digital communication tools,Remote work enables flexible arrangements. Distributed teams collaborate through digital communication tools.,1,1.0,1.0,1.0,1.0,1.0,0.908257,1.0
work enables flexible arrangements distributed teams collaborate through digital communication,Remote work enables flexible arrangements. Distributed teams collaborate through digital communication tools.,1,0.863396,0.833333,1.0,0.833333,0.8,0.788991,1.0
Remote work enables flexible arrangements. Distributed teams collaborate through digital communication tools.,Community support aids disaster recovery. Social bonds help populations rebuild after emergencies.,0,0.0,0.0,0.0,1.0,0.0,0.020513,0.0
remote work enables flexible arrangements distributed teams collaborate through digital communication tools,NoSQL databases store diverse data. Flexible schemas handle unstructured information.,0,0.22162,0.047619,0.1,0.833333,0.0,0.039773,0.1
Neural networks process information. Advanced AI systems learn patterns from data autonomously.,Neural networks process information. Advanced AI systems learn patterns from data autonomously.,1,1.0,1.0,1.0,1.0,1.0,1.0,1.0
neural networks process information advanced ai systems learn patterns from data autonomously,Neural networks process information. Advanced AI systems learn patterns from data autonomously.,1,1.0,1.0,1.0,1.0,1.0,0.894737,1.0
neural networks process information advanced ai systems learn patterns from data autonomously,Neural networks process information. Advanced AI systems learn patterns from data autonomously.,1,1.0,1.0,1.0,1.0,1.0,0.894737,1.0
Neural networks process information. Advanced AI systems learn patterns from data autonomously.,Genetic synthesis creates organisms. Engineered microbes produce medicines and biofuels sustainably.,0,0.0,0.0,0.0,0.916667,0.0,0.005376,0.0
neural networks process information advanced ai systems learn patterns from data autonomously,API versioning ensures compatibility. Multiple versions allow gradual client upgrades.,0,0.0,0.0,0.0,0.833333,0.0,0.0,0.0
Ocean acidification harms marine organisms. Increased CO2 absorption damages shells and skeleton formation.,Ocean acidification harms marine organisms. Increased CO2 absorption damages shells and skeleton formation.,1,1.0,1.0,1.0,1.0,1.0,1.0,1.0
ocean acidification harms marine organisms increased co2 absorption damages shells and skeleton formation,Ocean acidification harms marine organisms. Increased CO2 absorption damages shells and skeleton formation.,1,1.0,1.0,1.0,1.0,1.0,0.904762,1.0
ocean acidification harms marine organisms increased co2 absorption damages shells,Ocean acidification harms marine organisms. Increased CO2 absorption damages shells and skeleton formation.,1,1.0,0.769231,1.0,0.769231,0.727273,0.695238,1.0
Ocean acidification harms marine organisms. Increased CO2 absorption damages shells and skeleton formation.,Social media affects consumer choices. Advertising and peer recommendations influence purchasing decisions online.,0,0.0,0.04,0.076923,1.0,0.0,0.009662,0.076923
ocean acidification harms marine organisms increased co2 absorption damages shells skeleton formation,Encryption secures communications. Mathematical algorithms protect message confidentiality.,0,0.0,0.0,0.0,0.666667,0.0,0.028249,0.0
Augmented reality enhances user experience. Digital overlays improve retail and navigation applications.,Augmented reality enhances user experience. Digital overlays improve retail and navigation applications.,1,1.0,1.0,1.0,1.0,1.0,1.0,1.0
augmented reality enhances user experience digital overlays improve retail navigation applications,Augmented reality enhances user experience. Digital overlays improve retail and navigation applications.,1,1.0,0.916667,1.0,0.916667,0.583333,0.811321,1.0
reality enhances user experience digital overlays improve retail and navigation,Augmented reality enhances user experience. Digital overlays improve retail and navigation applications.,1,0.929221,0.833333,1.0,0.833333,0.8,0.68932,1.0
Augmented reality enhances user experience. Digital overlays improve retail and navigation applications.,Microscopy reveals biological processes. Advanced imagery shows cellular and molecular scales.,0,0.0,0.045455,0.090909,0.916667,0.0,0.005348,0.090909
augmented reality enhances user experience digital overlays improve retail and navigation applications,Internet commerce reshapes retail landscapes. Online shopping changes consumer expectations and business models.,0,0.161705,0.086957,0.166667,0.923077,0.0,0.051282,0.166667
Agile methods improve software quality. Iterative development reduces defects and accelerates delivery.,Agile methods improve software quality. Iterative development reduces defects and accelerates delivery.,1,1.0,1.0,1.0,1.0,1.0,1.0,1.0
agile methods improve software quality iterative development reduces defects accelerates delivery,Agile methods improve software quality. Iterative development reduces defects and accelerates delivery.,1,1.0,0.916667,1.0,0.916667,0.583333,0.826923,1.0
improve software quality iterative development reduces defects and accelerates,Agile methods improve software quality. Iterative development reduces defects and accelerates delivery.,1,1.0,0.75,1.0,0.75,0.7,0.686275,1.0
Agile methods improve software quality. Iterative development reduces defects and accelerates delivery.,Photosynthesis efficiency improves crops. Enhanced light capture increases agricultural yields.,0,0.0,0.0,0.0,0.833333,0.0,0.021622,0.0
agile methods improve software quality iterative development reduces defects accelerates delivery,UX design influences product adoption. Interface usability determines customer satisfaction.,0,0.0,0.0,0.0,0.909091,0.0,0.005618,0.0
mRNA vaccines accelerate immunology. Novel platforms enable rapid vaccine development cycles.,mRNA vaccines accelerate immunology. Novel platforms enable rapid vaccine development cycles.,1,1.0,1.0,1.0,1.0,1.0,1.0,1.0
mrna vaccines accelerate immunology novel platforms enable rapid vaccine development cycles,mRNA vaccines accelerate immunology. Novel platforms enable rapid vaccine development cycles.,1,1.0,1.0,1.0,1.0,1.0,0.88764,1.0
mrna vaccines accelerate immunology novel platforms enable rapid,mRNA vaccines accelerate immunology. Novel platforms enable rapid vaccine development cycles.,1,0.826866,0.727273,1.0,0.727273,0.666667,0.629213,1.0
mRNA vaccines accelerate immunology. Novel platforms enable rapid vaccine development cycles.,Machine translation facilitates commerce. AI language tools break down international barriers.,0,0.0,0.0,0.0,1.0,0.0,0.0,0.0
mrna vaccines accelerate immunology novel platforms enable rapid vaccine development cycles,3D printing enables customization. Additive manufacturing produces complex objects efficiently.,0,0.0,0.0,0.0,0.909091,0.0,0.017544,0.0
Reforestation combats climate change. Tree planting restores habitats and sequesters carbon.,Reforestation combats climate change. Tree planting restores habitats and sequesters carbon.,1,1.0,1.0,1.0,1.0,1.0,1.0,1.0
reforestation combats climate change tree planting restores habitats and sequesters carbon,Reforestation combats climate change. Tree planting restores habitats and sequesters carbon.,1,1.0,1.0,1.0,1.0,1.0,0.891304,1.0
reforestation combats climate change tree planting restores habitats,Reforestation combats climate change. Tree planting restores habitats and sequesters carbon.,1,0.899783,0.727273,1.0,0.727273,0.666667,0.652174,1.0
Reforestation combats climate change. Tree planting restores habitats and sequesters carbon.,Cryptocurrency creates financial alternatives. Decentralized currencies offer borderless payment mechanisms.,0,0.0,0.0,0.0,0.909091,0.0,0.0,0.0
reforestation combats climate change tree planting restores habitats sequesters carbon,Pollination supports agriculture. Bee populations threaten food security when declining.,0,0.0,0.0,0.0,1.0,0.0,0.01227,0.0
"Cybercriminals exploit vulnerabilities. Hackers attack infrastructure, businesses, and individuals.","Cybercriminals exploit vulnerabilities. Hackers attack infrastructure, businesses, and individuals.",1,1.0,1.0,1.0,1.0,1.0,1.0,1.0
cybercriminals exploit vulnerabilities hackers attack infrastructure businesses and individuals,"Cybercriminals exploit vulnerabilities. Hackers attack infrastructure, businesses, and individuals.",1,1.0,1.0,1.0,1.0,1.0,0.738318,1.0
"Cybercriminals exploit vulnerabilities. Hackers attack infrastructure, businesses, and individuals.","Cybercriminals exploit vulnerabilities. Hackers attack infrastructure, businesses, and individuals.",1,1.0,1.0,1.0,1.0,1.0,1.0,1.0
"Cybercriminals exploit vulnerabilities. Hackers attack infrastructure, businesses, and individuals.",Virtual reality transforms training and education. Immersive environments provide interactive learning experiences effectively.,0,0.0,0.047619,0.111111,0.692308,0.0,0.004651,0.111111
cybercriminals exploit vulnerabilities hackers attack infrastructure businesses individuals,Microbiome research links health. Bacterial communities affect digestion and immunity.,0,0.0,0.0,0.0,0.8,0.0,0.012121,0.0
Biometrics secure access systems. Fingerprints and facial recognition verify identity reliably.,Biometrics secure access systems. Fingerprints and facial recognition verify identity reliably.,1,1.0,1.0,1.0,1.0,1.0,1.0,1.0
biometrics secure access systems fingerprints and facial recognition verify identity reliably,Biometrics secure access systems. Fingerprints and facial recognition verify identity reliably.,1,1.0,1.0,1.0,1.0,1.0,0.894737,1.0
access systems fingerprints and facial recognition verify identity,Biometrics secure access systems. Fingerprints and facial recognition verify identity reliably.,1,0.772199,0.727273,1.0,0.727273,0.666667,0.610526,1.0
Biometrics secure access systems. Fingerprints and facial recognition verify identity reliably.,Social media affects consumer choices. Advertising and peer recommendations influence purchasing decisions online.,0,0.0,0.043478,0.090909,0.846154,0.0,0.015306,0.090909
biometrics secure access systems fingerprints and facial recognition verify identity reliably,"Cybersecurity protects digital infrastructure. Organizations implement firewalls, encryption, and monitoring to prevent attacks.",0,0.0,0.043478,0.090909,0.846154,0.0,0.009479,0.090909
Sustainable fashion reduces impact. Ethical production and eco-materials improve industry practices.,Sustainable fashion reduces impact. Ethical production and eco-materials improve industry practices.,1,1.0,1.0,1.0,1.0,1.0,1.0,1.0
sustainable fashion reduces impact ethical production and eco materials improve industry practices,Sustainable fashion reduces impact. Ethical production and eco-materials improve industry practices.,1,1.0,1.0,1.0,1.0,1.0,0.807692,1.0
sustainable fashion reduces impact ethical production and eco materials improve industry practices,Sustainable fashion reduces impact. Ethical production and eco-materials improve industry practices.,1,1.0,1.0,1.0,1.0,1.0,0.807692,1.0
Sustainable fashion reduces impact. Ethical production and eco-materials improve industry practices.,"Exercise is essential for a healthy lifestyle. Regular exercise is essential for maintaining a healthy lifestyle, improving physical fitness, and reducing the risk of chronic diseases.",0,0.0,0.033333,0.083333,0.461538,0.0,0.030435,0.083333
sustainable fashion reduces impact ethical production eco materials improve industry practices,Soil biology enhances fertility. Microbial communities improve nutrient availability.,0,0.090716,0.052632,0.111111,0.818182,0.0,0.043478,0.111111
3D printing enables customization. Additive manufacturing produces complex objects efficiently.,3D printing enables customization. Additive manufacturing produces complex objects efficiently.,1,1.0,1.0,1.0,1.0,1.0,1.0,1.0
3d printing enables customization additive manufacturing produces complex objects efficiently,3D printing enables customization. Additive manufacturing produces complex objects efficiently.,1,1.0,1.0,1.0,1.0,1.0,0.894737,1.0
enables customization additive manufacturing produces complex objects efficiently,3D printing enables customization. Additive manufacturing produces complex objects efficiently.,1,1.0,0.8,1.0,0.8,0.75,0.768421,1.0
3D printing enables customization. Additive manufacturing produces complex objects efficiently.,ADHD affects student achievement. Learning support improves focus and academic performance.,0,0.0,0.0,0.0,0.909091,0.0,0.00565,0.0
3d printing enables customization additive manufacturing produces complex objects efficiently,Genetic engineering creates medical innovations. CRISPR technology enables targeted gene editing for disease treatment.,0,0.067118,0.043478,0.1,0.714286,0.0,0.040816,0.1
ADHD affects student achievement. Learning support improves focus and academic performance.,ADHD affects student achievement. Learning support improves focus and academic performance.,1,1.0,1.0,1.0,1.0,1.0,1.0,1.0
adhd affects student achievement learning support improves focus academic performance,ADHD affects student achievement. Learning support improves focus and academic performance.,1,1.0,0.909091,1.0,0.909091,0.545455,0.806452,1.0
affects student achievement learning support improves focus and,ADHD affects student achievement. Learning support improves focus and academic performance.,1,0.903651,0.727273,1.0,0.727273,0.666667,0.604396,1.0
ADHD affects student achievement. Learning support improves focus and academic performance.,Kubernetes orchestrates containers. Automation scales and updates applications.,0,0.0,0.055556,0.125,0.727273,0.0,0.012658,0.125
adhd affects student achievement learning support improves focus academic performance,Neural networks process information. Advanced AI systems learn patterns from data autonomously.,0,0.0,0.0,0.0,0.833333,0.0,0.017751,0.0
Satellite imagery tracks changes. Remote sensing monitors deforestation and urbanization.,Satellite imagery tracks changes. Remote sensing monitors deforestation and urbanization.,1,1.0,1.0,1.0,1.0,1.0,1.0,1.0
satellite imagery tracks changes remote sensing monitors deforestation urbanization,Satellite imagery tracks changes. Remote sensing monitors deforestation and urbanization.,1,1.0,0.9,1.0,0.9,0.666667,0.78022,1.0
satellite imagery tracks changes remote sensing monitors deforestation and,Satellite imagery tracks changes. Remote sensing monitors deforestation and urbanization.,1,1.0,0.9,1.0,0.9,0.875,0.75,1.0
Satellite imagery tracks changes. Remote sensing monitors deforestation and urbanization.,Containerization simplifies software. Docker packaging ensures consistent environments.,0,0.0,0.0,0.0,0.8,0.0,0.02454,0.0
satellite imagery tracks changes remote sensing monitors deforestation and urbanization,Database design enables scalability. Proper architecture handles growth and user demand.,0,0.0,0.05,0.1,0.909091,0.0,0.012195,0.1
Group learning improves outcomes. Collaborative projects develop teamwork and communication.,Group learning improves outcomes. Collaborative projects develop teamwork and communication.,1,1.0,1.0,1.0,1.0,1.0,1.0,1.0
group learning improves outcomes collaborative projects develop teamwork communication,Group learning improves outcomes. Collaborative projects develop teamwork and communication.,1,1.0,0.9,1.0,0.9,0.666667,0.789474,1.0
improves outcomes collaborative projects develop teamwork and communication,Group learning improves outcomes. Collaborative projects develop teamwork and communication.,1,0.876705,0.8,1.0,0.8,0.75,0.728261,1.0
Group learning improves outcomes. Collaborative projects develop teamwork and communication.,Apex predators maintain balance. Top predators control prey and preserve biodiversity.,0,0.0,0.052632,0.1,0.909091,0.0,0.006173,0.1
group learning improves outcomes collaborative projects develop teamwork communication,API versioning ensures compatibility. Multiple versions allow gradual client upgrades.,0,0.0,0.0,0.0,0.9,0.0,0.012658,0.0
Robotics increases manufacturing efficiency. Automation handles repetitive dangerous tasks safely.,Robotics increases manufacturing efficiency. Automation handles repetitive dangerous tasks safely.,1,1.0,1.0,1.0,1.0,1.0,1.0,1.0
robotics increases manufacturing efficiency automation handles repetitive dangerous tasks safely,Robotics increases manufacturing efficiency. Automation handles repetitive dangerous tasks safely.,1,1.0,1.0,1.0,1.0,1.0,0.897959,1.0
robotics increases manufacturing efficiency automation handles repetitive dangerous,Robotics increases manufacturing efficiency. Automation handles repetitive dangerous tasks safely.,1,0.916751,0.8,1.0,0.8,0.75,0.765306,1.0
Robotics increases manufacturing efficiency. Automation handles repetitive dangerous tasks safely.,Invasive plants damage ecosystems. Aggressive species reduce native biodiversity.,0,0.0,0.0,0.0,0.9,0.0,0.011905,0.0
robotics increases manufacturing efficiency automation handles repetitive dangerous tasks safely,Biometrics secure access systems. Fingerprints and facial recognition verify identity reliably.,0,0.0,0.0,0.0,0.909091,0.0,0.005495,0.0
Soil erosion compromises agricultural productivity. Conservation practices restore nutrient-rich soils.,Soil erosion compromises agricultural productivity. Conservation practices restore nutrient-rich soils.,1,1.0,1.0,1.0,1.0,1.0,1.0,1.0
soil erosion compromises agricultural productivity conservation practices restore nutrient rich soils,Soil erosion compromises agricultural productivity. Conservation practices restore nutrient-rich soils.,1,1.0,1.0,1.0,1.0,1.0,0.814815,1.0
soil erosion compromises agricultural productivity conservation practices restore nutrient,Soil erosion compromises agricultural productivity. Conservation practices restore nutrient-rich soils.,1,0.927663,0.818182,1.0,0.818182,0.777778,0.796117,1.0
Soil erosion compromises agricultural productivity. Conservation practices restore nutrient-rich soils.,Microbiome research links health. Bacterial communities affect digestion and immunity.,0,0.0,0.0,0.0,0.909091,0.0,0.005618,0.0
soil erosion compromises agricultural productivity conservation practices restore nutrient rich soils,Apex predators maintain balance. Top predators control prey and preserve biodiversity.,0,0.0,0.0,0.0,1.0,0.0,0.0,0.0
APIs enable system integration. Software interfaces allow seamless data exchange.,APIs enable system integration. Software interfaces allow seamless data exchange.,1,1.0,1.0,1.0,1.0,1.0,1.0,1.0
apis enable system integration software interfaces allow seamless data exchange,APIs enable system integration. Software interfaces allow seamless data exchange.,1,1.0,1.0,1.0,1.0,1.0,0.875,1.0
enable system integration software interfaces allow seamless data exchange,APIs enable system integration. Software interfaces allow seamless data exchange.,1,1.0,0.9,1.0,0.9,0.875,0.8125,1.0
APIs enable system integration. Software interfaces allow seamless data exchange.,Wildlife trafficking fuels crime. Illegal animal trade devastates populations.,0,0.0,0.0,0.0,0.9,0.0,0.006711,0.0
apis enable system integration software interfaces allow seamless data exchange,Carbon reduction requires behavior change. Personal and organizational actions reduce footprints.,0,0.0,0.0,0.0,0.909091,0.0,0.025478,0.0
Coastal communities face erosion risks. Rising seas damage infrastructure and habitats.,Coastal communities face erosion risks. Rising seas damage infrastructure and habitats.,1,1.0,1.0,1.0,1.0,1.0,1.0,1.0
coastal communities face erosion risks rising seas damage infrastructure and habitats,Coastal communities face erosion risks. Rising seas damage infrastructure and habitats.,1,1.0,1.0,1.0,1.0,1.0,0.885057,1.0
coastal communities face erosion risks rising seas damage infrastructure and,Coastal communities face erosion risks. Rising seas damage infrastructure and habitats.,1,0.899169,0.909091,1.0,0.909091,0.888889,0.781609,1.0
Coastal communities face erosion risks. Rising seas damage infrastructure and habitats.,Virtual reality transforms training and education. Immersive environments provide interactive learning experiences effectively.,0,0.0,0.043478,0.090909,0.846154,0.0,0.004926,0.090909
coastal communities face erosion risks rising seas damage infrastructure and habitats,Permafrost releases greenhouse gases. Thawing soil accelerates climate change.,0,0.0,0.0,0.0,0.818182,0.0,0.006494,0.0
UX design influences product adoption. Interface usability determines customer satisfaction.,UX design influences product adoption. Interface usability determines customer satisfaction.,1,1.0,1.0,1.0,1.0,1.0,1.0,1.0
ux design influences product adoption interface usability determines customer satisfaction,UX design influences product adoption. Interface usability determines customer satisfaction.,1,1.0,1.0,1.0,1.0,1.0,0.901099,1.0
design influences product adoption interface usability determines customer,UX design influences product adoption. Interface usability determines customer satisfaction.,1,1.0,0.8,1.0,0.8,0.75,0.725275,1.0
UX design influences product adoption. Interface usability determines customer satisfaction.,Serverless computing reduces overhead. Code execution minimizes infrastructure management.,0,0.0,0.0,0.0,0.9,0.0,0.0,0.0
ux design influences product adoption interface usability determines customer satisfaction,APIs enable system integration. Software interfaces allow seamless data exchange.,0,0.0,0.0,0.0,1.0,0.0,0.038462,0.0
Genetic variety ensures species survival. Population diversity provides disease resistance.,Genetic variety ensures species survival. Population diversity provides disease resistance.,1,1.0,1.0,1.0,1.0,1.0,1.0,1.0
genetic variety ensures species survival population diversity provides disease resistance,Genetic variety ensures species survival. Population diversity provides disease resistance.,1,1.0,1.0,1.0,1.0,1.0,0.89011,1.0
genetic variety ensures species survival population diversity provides,Genetic variety ensures species survival. Population diversity provides disease resistance.,1,0.798299,0.8,1.0,0.8,0.75,0.681319,1.0
Genetic variety ensures species survival. Population diversity provides disease resistance.,Mangrove forests protect coasts. These resilient trees resist storms and erosion.,0,0.0,0.0,0.0,0.909091,0.0,0.031646,0.0
genetic variety ensures species survival population diversity provides disease resistance,Logging identifies system issues. Comprehensive data collection helps troubleshooting.,0,0.0,0.0,0.0,0.9,0.0,0.012121,0.0
Photosynthesis efficiency improves crops. Enhanced light capture increases agricultural yields.,Photosynthesis efficiency improves crops. Enhanced light capture increases agricultural yields.,1,1.0,1.0,1.0,1.0,1.0,1.0,1.0
photosynthesis efficiency improves crops enhanced light capture increases agricultural yields,Photosynthesis efficiency improves crops. Enhanced light capture increases agricultural yields.,1,1.0,1.0,1.0,1.0,1.0,0.894737,1.0
efficiency improves crops enhanced light capture increases agricultural yields,Photosynthesis efficiency improves crops. Enhanced light capture increases agricultural yields.,1,1.0,0.9,1.0,0.9,0.875,0.736842,1.0
Photosynthesis efficiency improves crops. Enhanced light capture increases agricultural yields.,Smart homes automate building systems. Connected devices enable remote environmental control.,0,0.0,0.0,0.0,0.909091,0.0,0.0,0.0
photosynthesis efficiency improves crops enhanced light capture increases agricultural yields,Version control manages code changes. Git enables collaborative software development.,0,0.0,0.0,0.0,1.0,0.0,0.0,0.0
Network encryption prevents breaches. Secure protocols protect data transmission reliability.,Network encryption prevents breaches. Secure protocols protect data transmission reliability.,1,1.0,1.0,1.0,1.0,1.0,1.0,1.0
network encryption prevents breaches secure protocols protect data transmission reliability,Network encryption prevents breaches. Secure protocols protect data transmission reliability.,1,1.0,1.0,1.0,1.0,1.0,0.891304,1.0
network encryption prevents breaches secure protocols protect data,Network encryption prevents breaches. Secure protocols protect data transmission reliability.,1,1.0,0.8,1.0,0.8,0.75,0.619565,1.0
Network encryption prevents breaches. Secure protocols protect data transmission reliability.,"The internet has revolutionized communication. The internet has revolutionized communication by connecting people worldwide, enabling instant messaging, and providing access to vast amounts of information.",0,0.0,0.0,0.0,0.4,0.0,0.004082,0.0
network encryption prevents breaches secure protocols protect data transmission reliability,Biomimetic design solves problems. Nature-inspired solutions leverage evolved adaptations.,0,0.0,0.0,0.0,1.0,0.0,0.005882,0.0
Arctic warming accelerates climate change. Polar ice loss triggers cascading environmental effects.,Arctic warming accelerates climate change. Polar ice loss triggers cascading environmental effects.,1,1.0,1.0,1.0,1.0,1.0,1.0,1.0
arctic warming accelerates climate change polar ice loss triggers cascading environmental effects,Arctic warming accelerates climate change. Polar ice loss triggers cascading environmental effects.,1,1.0,1.0,1.0,1.0,1.0,0.89899,1.0
arctic warming accelerates climate change polar ice loss triggers cascading environmental,Arctic warming accelerates climate change. Polar ice loss triggers cascading environmental effects.,1,1.0,0.916667,1.0,0.916667,0.9,0.818182,1.0
Arctic warming accelerates climate change. Polar ice loss triggers cascading environmental effects.,Cryptocurrency creates financial alternatives. Decentralized currencies offer borderless payment mechanisms.,0,0.0,0.0,0.0,0.833333,0.0,0.005128,0.0
arctic warming accelerates climate change polar ice loss triggers cascading environmental effects,Data security requires cryptography. Encryption protects sensitive information from unauthorized access.,0,0.0,0.0,0.0,0.916667,0.0,0.005263,0.0
Testing procedures ensure software quality. Comprehensive verification identifies bugs early.,Testing procedures ensure software quality. Comprehensive verification identifies bugs early.,1,1.0,1.0,1.0,1.0,1.0,1.0,1.0
testing procedures ensure software quality comprehensive verification identifies bugs early,Testing procedures ensure software quality. Comprehensive verification identifies bugs early.,1,1.0,1.0,1.0,1.0,1.0,0.892473,1.0
testing procedures ensure software quality comprehensive verification identifies bugs,Testing procedures ensure software quality. Comprehensive verification identifies bugs early.,1,1.0,0.9,1.0,0.9,0.875,0.827957,1.0
Testing procedures ensure software quality. Comprehensive verification identifies bugs early.,Remote work enables flexible arrangements. Distributed teams collaborate through digital communication tools.,0,0.0,0.0,0.0,0.833333,0.0,0.021053,0.0
testing procedures ensure software quality comprehensive verification identifies bugs early,Vertical agriculture maximizes production. Stacked farming reduces water use and land requirements.,0,0.0,0.0,0.0,0.833333,0.0,0.0,0.0
Probiotics support digestive health. Beneficial bacteria improve microbiome balance and immunity.,Probiotics support digestive health. Beneficial bacteria improve microbiome balance and immunity.,1,1.0,1.0,1.0,1.0,1.0,1.0,1.0
probiotics support digestive health beneficial bacteria improve microbiome balance immunity,Probiotics support digestive health. Beneficial bacteria improve microbiome balance and immunity.,1,1.0,0.909091,1.0,0.909091,0.7,0.79798,1.0
digestive health beneficial bacteria improve microbiome balance and immunity,Probiotics support digestive health. Beneficial bacteria improve microbiome balance and immunity.,1,0.933594,0.818182,1.0,0.818182,0.777778,0.708333,1.0
Probiotics support digestive health. Beneficial bacteria improve microbiome balance and immunity.,Peatlands sequester huge carbon amounts. Wetlands store more carbon than forests.,0,0.0,0.0,0.0,1.0,0.0,0.0,0.0
probiotics support digestive health beneficial bacteria improve microbiome balance immunity,"The internet has revolutionized communication. The internet has revolutionized communication by connecting people worldwide, enabling instant messaging, and providing access to vast amounts of information.",0,0.0,0.0,0.0,0.4,0.0,0.004115,0.0
Open source creates collaborative innovation. Community development benefits users worldwide.,Open source creates collaborative innovation. Community development benefits users worldwide.,1,1.0,1.0,1.0,1.0,1.0,1.0,1.0
open source creates collaborative innovation community development benefits users worldwide,Open source creates collaborative innovation. Community development benefits users worldwide.,1,1.0,1.0,1.0,1.0,1.0,0.892473,1.0
source creates collaborative innovation community development benefits users,Open source creates collaborative innovation. Community development benefits users worldwide.,1,0.907406,0.8,1.0,0.8,0.75,0.731183,1.0
Open source creates collaborative innovation. Community development benefits users worldwide.,Protein structure research advances medicine. Molecular understanding enables targeted treatments.,0,0.0,0.0,0.0,1.0,0.0,0.0,0.0
open source creates collaborative innovation community development benefits users worldwide,Caching accelerates responses. In-memory storage reduces processing overhead.,0,0.0,0.0,0.0,0.9,0.0,0.006289,0.0
Noise exposure damages hearing. Prolonged sound exposure causes permanent hearing loss.,Noise exposure damages hearing. Prolonged sound exposure causes permanent hearing loss.,1,1.0,1.0,1.0,1.0,1.0,1.0,1.0
noise exposure damages hearing prolonged sound exposure causes permanent hearing loss,Noise exposure damages hearing. Prolonged sound exposure causes permanent hearing loss.,1,1.0,1.0,1.0,1.0,1.0,0.881579,1.0
exposure damages hearing prolonged sound exposure causes permanent,Noise exposure damages hearing. Prolonged sound exposure causes permanent hearing loss.,1,0.72889,0.777778,1.0,0.727273,0.666667,0.710526,1.0
Noise exposure damages hearing. Prolonged sound exposure causes permanent hearing loss.,Quantum computers solve complex problems. These machines leverage superposition and entanglement for exponential speedups.,0,0.0,0.0,0.0,0.785714,0.0,0.005291,0.0
noise exposure damages hearing prolonged sound exposure causes permanent hearing loss,CMS platforms democratize publishing. User-friendly tools enable non-developers to create.,0,0.0,0.0,0.0,0.916667,0.0,0.0,0.0
Database design enables scalability. Proper architecture handles growth and user demand.,Database design enables scalability. Proper architecture handles growth and user demand.,1,1.0,1.0,1.0,1.0,1.0,1.0,1.0
database design enables scalability proper architecture handles growth user demand,Database design enables scalability. Proper architecture handles growth and user demand.,1,1.0,0.909091,1.0,0.909091,0.545455,0.78022,1.0
enables scalability proper architecture handles growth and user demand,Database design enables scalability. Proper architecture handles growth and user demand.,1,0.911962,0.818182,1.0,0.818182,0.777778,0.704545,1.0
Database design enables scalability. Proper architecture handles growth and user demand.,ADHD affects student achievement. Learning support improves focus and academic performance.,0,0.0,0.047619,0.090909,1.0,0.0,0.005882,0.090909
database design enables scalability proper architecture handles growth and user demand,Microscopy reveals biological processes. Advanced imagery shows cellular and molecular scales.,0,0.0,0.047619,0.090909,1.0,0.0,0.011834,0.090909
Desert adaptation shows evolution. Specialized species survive extreme environmental conditions.,Desert adaptation shows evolution. Specialized species survive extreme environmental conditions.,1,1.0,1.0,1.0,1.0,1.0,1.0,1.0
desert adaptation shows evolution specialized species survive extreme environmental conditions,Desert adaptation shows evolution. Specialized species survive extreme environmental conditions.,1,1.0,1.0,1.0,1.0,1.0,0.913043,1.0
desert adaptation shows evolution specialized species survive extreme environmental,Desert adaptation shows evolution. Specialized species survive extreme environmental conditions.,1,1.0,0.9,1.0,0.9,0.875,0.793478,1.0
Desert adaptation shows evolution. Specialized species survive extreme environmental conditions.,Kubernetes orchestrates containers. Automation scales and updates applications.,0,0.0,0.0,0.0,0.8,0.0,0.031646,0.0
desert adaptation shows evolution specialized species survive extreme environmental conditions,Cryptocurrency market volatility challenges stability. Price fluctuations make investments unpredictable.,0,0.0,0.0,0.0,1.0,0.0,0.01087,0.0
Cryptocurrency market volatility challenges stability. Price fluctuations make investments unpredictable.,Cryptocurrency market volatility challenges stability. Price fluctuations make investments unpredictable.,1,1.0,1.0,1.0,1.0,1.0,1.0,1.0
cryptocurrency market volatility challenges stability price fluctuations make investments unpredictable,Cryptocurrency market volatility challenges stability. Price fluctuations make investments unpredictable.,1,1.0,1.0,1.0,1.0,1.0,0.912621,1.0
cryptocurrency market volatility challenges stability price fluctuations make investments,Cryptocurrency market volatility challenges stability. Price fluctuations make investments unpredictable.,1,1.0,0.9,1.0,0.9,0.875,0.776699,1.0
Cryptocurrency market volatility challenges stability. Price fluctuations make investments unpredictable.,Machine learning models require large datasets. Deep learning algorithms improve performance with more training examples and computational resources.,0,0.0,0.0,0.0,0.555556,0.0,0.004219,0.0
cryptocurrency market volatility challenges stability price fluctuations make investments unpredictable,Tourism balances development and culture. Sustainable planning protects communities.,0,0.0,0.0,0.0,0.9,0.0,0.0,0.0
Protein structure research advances medicine. Molecular understanding enables targeted treatments.,Protein structure research advances medicine. Molecular understanding enables targeted treatments.,1,1.0,1.0,1.0,1.0,1.0,1.0,1.0
protein structure research advances medicine molecular understanding enables targeted treatments,Protein structure research advances medicine. Molecular understanding enables targeted treatments.,1,1.0,1.0,1.0,1.0,1.0,0.897959,1.0
structure research advances medicine molecular understanding enables targeted,Protein structure research advances medicine. Molecular understanding enables targeted treatments.,1,1.0,0.8,1.0,0.8,0.75,0.704082,1.0
Protein structure research advances medicine. Molecular understanding enables targeted treatments.,Arctic warming accelerates climate change. Polar ice loss triggers cascading environmental effects.,0,0.0,0.0,0.0,0.833333,0.0,0.016129,0.0
protein structure research advances medicine molecular understanding enables targeted treatments,Apex predators maintain balance. Top predators control prey and preserve biodiversity.,0,0.0,0.0,0.0,0.909091,0.0,0.0,0.0
Urban gardens improve city health. Green spaces provide environmental and social benefits.,Urban gardens improve city health. Green spaces provide environmental and social benefits.,1,1.0,1.0,1.0,1.0,1.0,1.0,1.0
urban gardens improve city health green spaces provide environmental and social benefits,Urban gardens improve city health. Green spaces provide environmental and social benefits.,1,1.0,1.0,1.0,1.0,1.0,0.888889,1.0
improve city health green spaces provide environmental and social benefits,Urban gardens improve city health. Green spaces provide environmental and social benefits.,1,0.917463,0.833333,1.0,0.833333,0.8,0.733333,1.0
Urban gardens improve city health. Green spaces provide environmental and social benefits.,Peatlands sequester huge carbon amounts. Wetlands store more carbon than forests.,0,0.0,0.0,0.0,0.916667,0.0,0.0,0.0
urban gardens improve city health green spaces provide environmental and social benefits,Microbiome research links health. Bacterial communities affect digestion and immunity.,0,0.118004,0.1,0.2,0.833333,0.0,0.025,0.2
CMS platforms democratize publishing. User-friendly tools enable non-developers to create.,CMS platforms democratize publishing. User-friendly tools enable non-developers to create.,1,1.0,1.0,1.0,1.0,1.0,1.0,1.0
cms platforms democratize publishing user friendly tools enable non developers create,CMS platforms democratize publishing. User-friendly tools enable non-developers to create.,1,1.0,0.916667,1.0,0.916667,0.727273,0.621359,1.0
platforms democratize publishing user friendly tools enable non,CMS platforms democratize publishing. User-friendly tools enable non-developers to create.,1,0.821002,0.666667,1.0,0.666667,0.6,0.526316,1.0
CMS platforms democratize publishing. User-friendly tools enable non-developers to create.,Service discovery enables microservices. Dynamic registration helps component communication.,0,0.0,0.0,0.0,0.75,0.0,0.017964,0.0
cms platforms democratize publishing user friendly tools enable non developers to create,Carbon reduction requires behavior change. Personal and organizational actions reduce footprints.,0,0.0,0.0,0.0,0.916667,0.0,0.0,0.0
Microscopy reveals biological processes. Advanced imagery shows cellular and molecular scales.,Microscopy reveals biological processes. Advanced imagery shows cellular and molecular scales.,1,1.0,1.0,1.0,1.0,1.0,1.0,1.0
microscopy reveals biological processes advanced imagery shows cellular molecular scales,Microscopy reveals biological processes. Advanced imagery shows cellular and molecular scales.,1,1.0,0.909091,1.0,0.909091,0.545455,0.791667,1.0
biological processes advanced imagery shows cellular and molecular,Microscopy reveals biological processes. Advanced imagery shows cellular and molecular scales.,1,0.909134,0.727273,1.0,0.727273,0.666667,0.623656,1.0
Microscopy reveals biological processes. Advanced imagery shows cellular and molecular scales.,Wildfire management protects communities. Prescribed burns reduce catastrophic fire risks.,0,0.0,0.0,0.0,0.909091,0.0,0.0,0.0
microscopy reveals biological processes advanced imagery shows cellular molecular scales,Kubernetes orchestrates containers. Automation scales and updates applications.,0,0.254505,0.058824,0.125,0.8,0.0,0.019608,0.125
Community support aids disaster recovery. Social bonds help populations rebuild after emergencies.,Community support aids disaster recovery. Social bonds help populations rebuild after emergencies.,1,1.0,1.0,1.0,1.0,1.0,1.0,1.0
community support aids disaster recovery social bonds help populations rebuild after emergencies,Community support aids disaster recovery. Social bonds help populations rebuild after emergencies.,1,1.0,1.0,1.0,1.0,1.0,0.897959,1.0
support aids disaster recovery social bonds help populations rebuild after emergencies,Community support aids disaster recovery. Social bonds help populations rebuild after emergencies.,1,0.82835,0.916667,1.0,0.916667,0.9,0.795918,1.0
Community support aids disaster recovery. Social bonds help populations rebuild after emergencies.,Meditation practices reduce anxiety. Mindfulness techniques lower stress hormones and improve mental health.,0,0.0,0.0,0.0,0.923077,0.0,0.005076,0.0
community support aids disaster recovery social bonds help populations rebuild after emergencies,"Cybercriminals exploit vulnerabilities. Hackers attack infrastructure, businesses, and individuals.",0,0.0,0.0,0.0,0.75,0.0,0.0,0.0
Streaming platforms change entertainment. On-demand content challenges traditional broadcast models.,Streaming platforms change entertainment. On-demand content challenges traditional broadcast models.,1,1.0,1.0,1.0,1.0,1.0,1.0,1.0
streaming platforms change entertainment on demand content challenges traditional broadcast models,Streaming platforms change entertainment. On-demand content challenges traditional broadcast models.,1,1.0,1.0,1.0,1.0,1.0,0.826923,1.0
change entertainment on demand content challenges traditional broadcast,Streaming platforms change entertainment. On-demand content challenges traditional broadcast models.,1,0.787416,0.727273,1.0,0.727273,0.666667,0.567308,1.0
Streaming platforms change entertainment. On-demand content challenges traditional broadcast models.,Space exploration advances scientific knowledge. Research missions discover new worlds and expand understanding.,0,0.0,0.0,0.0,0.846154,0.0,0.0,0.0
streaming platforms change entertainment on demand content challenges traditional broadcast models,Sustainable fashion reduces impact. Ethical production and eco-materials improve industry practices.,0,0.0,0.0,0.0,0.916667,0.0,0.0,0.0
Coral bleaching signals ecosystem distress. Temperature changes cause symbiotic collapse.,Coral bleaching signals ecosystem distress. Temperature changes cause symbiotic collapse.,1,1.0,1.0,1.0,1.0,1.0,1.0,1.0
coral bleaching signals ecosystem distress temperature changes cause symbiotic collapse,Coral bleaching signals ecosystem distress. Temperature changes cause symbiotic collapse.,1,1.0,1.0,1.0,1.0,1.0,0.88764,1.0
bleaching signals ecosystem distress temperature changes cause symbiotic,Coral bleaching signals ecosystem distress. Temperature changes cause symbiotic collapse.,1,1.0,0.8,1.0,0.8,0.75,0.719101,1.0
Coral bleaching signals ecosystem distress. Temperature changes cause symbiotic collapse.,Community support aids disaster recovery. Social bonds help populations rebuild after emergencies.,0,0.0,0.0,0.0,0.833333,0.0,0.0,0.0
coral bleaching signals ecosystem distress temperature changes cause symbiotic collapse,Desert adaptation shows evolution. Specialized species survive extreme environmental conditions.,0,0.0,0.0,0.0,1.0,0.0,0.0,0.0
Machine translation facilitates commerce. AI language tools break down international barriers.,Machine translation facilitates commerce. AI language tools break down international barriers.,1,1.0,1.0,1.0,1.0,1.0,1.0,1.0
machine translation facilitates commerce ai language tools break down international barriers,Machine translation facilitates commerce. AI language tools break down international barriers.,1,1.0,1.0,1.0,1.0,1.0,0.892473,1.0
translation facilitates commerce ai language tools break down international,Machine translation facilitates commerce. AI language tools break down international barriers.,1,0.929371,0.818182,1.0,0.818182,0.777778,0.709677,1.0
Machine translation facilitates commerce. AI language tools break down international barriers.,Noise exposure damages hearing. Prolonged sound exposure causes permanent hearing loss.,0,0.0,0.0,0.0,1.0,0.0,0.0,0.0
machine translation facilitates commerce ai language tools break down international barriers,Soil biology enhances fertility. Microbial communities improve nutrient availability.,0,0.0,0.0,0.0,0.818182,0.0,0.006061,0.0
Vertical agriculture maximizes production. Stacked farming reduces water use and land requirements.,Vertical agriculture maximizes production. Stacked farming reduces water use and land requirements.,1,1.0,1.0,1.0,1.0,1.0,1.0,1.0
vertical agriculture maximizes production stacked farming reduces water use land requirements,Vertical agriculture maximizes production. Stacked farming reduces water use and land requirements.,1,1.0,0.916667,1.0,0.916667,0.583333,0.803922,1.0
agriculture maximizes production stacked farming reduces water use and,Vertical agriculture maximizes production. Stacked farming reduces water use and land requirements.,1,0.925077,0.75,1.0,0.75,0.7,0.626263,1.0
Vertical agriculture maximizes production. Stacked farming reduces water use and land requirements.,ADHD affects student achievement. Learning support improves focus and academic performance.,0,0.0,0.045455,0.090909,0.916667,0.0,0.011111,0.090909
vertical agriculture maximizes production stacked farming reduces water use land requirements,Permafrost releases greenhouse gases. Thawing soil accelerates climate change.,0,0.0,0.0,0.0,0.818182,0.0,0.0,0.0
Technology affects attention spans. Digital stimulation trains preferences for shallow engagement.,Technology affects attention spans. Digital stimulation trains preferences for shallow engagement.,1,1.0,1.0,1.0,1.0,1.0,1.0,1.0
technology affects attention spans digital stimulation trains preferences for shallow engagement,Technology affects attention spans. Digital stimulation trains preferences for shallow engagement.,1,1.0,1.0,1.0,1.0,1.0,0.896907,1.0
affects attention spans digital stimulation trains preferences for shallow,Technology affects attention spans. Digital stimulation trains preferences for shallow engagement.,1,0.805462,0.818182,1.0,0.818182,0.777778,0.670103,1.0
Technology affects attention spans. Digital stimulation trains preferences for shallow engagement.,Satellite imagery tracks changes. Remote sensing monitors deforestation and urbanization.,0,0.0,0.0,0.0,0.909091,0.0,0.011429,0.0
technology affects attention spans digital stimulation trains preferences shallow engagement,Load balancing distributes server traffic. Multiple servers prevent bottlenecks and failures.,0,0.0,0.0,0.0,0.909091,0.0,0.005814,0.0
Biomimetic design solves problems. Nature-inspired solutions leverage evolved adaptations.,Biomimetic design solves problems. Nature-inspired solutions leverage evolved adaptations.,1,1.0,1.0,1.0,1.0,1.0,1.0,1.0
biomimetic design solves problems nature inspired solutions leverage evolved adaptations,Biomimetic design solves problems. Nature-inspired solutions leverage evolved adaptations.,1,1.0,1.0,1.0,1.0,1.0,0.787234,1.0
design solves problems nature inspired solutions leverage evolved,Biomimetic design solves problems. Nature-inspired solutions leverage evolved adaptations.,1,1.0,0.8,1.0,0.8,0.75,0.553191,1.0
Biomimetic design solves problems. Nature-inspired solutions leverage evolved adaptations.,Blockchain creates decentralized networks. Cryptocurrencies use distributed ledgers for secure transactions without intermediaries.,0,0.0,0.0,0.0,0.769231,0.0,0.009524,0.0
biomimetic design solves problems nature inspired solutions leverage evolved adaptations,"Agricultural technology increases productivity. Automation, sensors, and monitoring boost crop yields.",0,0.0,0.0,0.0,0.909091,0.0,0.016854,0.0
Carbon reduction requires behavior change. Personal and organizational actions reduce footprints.,Carbon reduction requires behavior change. Personal and organizational actions reduce footprints.,1,1.0,1.0,1.0,1.0,1.0,1.0,1.0
carbon reduction requires behavior change personal organizational actions reduce footprints,Carbon reduction requires behavior change. Personal and organizational actions reduce footprints.,1,1.0,0.909091,1.0,0.909091,0.545455,0.797872,1.0
requires behavior change personal and organizational actions reduce footprints,Carbon reduction requires behavior change. Personal and organizational actions reduce footprints.,1,0.849726,0.818182,1.0,0.818182,0.777778,0.747253,1.0
Carbon reduction requires behavior change. Personal and organizational actions reduce footprints.,Water conservation preserves natural resources. Efficient systems reduce waste and support agricultural sustainability.,0,0.117854,0.090909,0.181818,0.846154,0.0,0.041667,0.181818
carbon reduction requires behavior change personal and organizational actions reduce footprints,Mangrove forests protect coasts. These resilient trees resist storms and erosion.,0,0.0,0.047619,0.090909,1.0,0.0,0.00625,0.090909
Load balancing distributes server traffic. Multiple servers prevent bottlenecks and failures.,Load balancing distributes server traffic. Multiple servers prevent bottlenecks and failures.,1,1.0,1.0,1.0,1.0,1.0,1.0,1.0
load balancing distributes server traffic multiple servers prevent bottlenecks failures,Load balancing distributes server traffic. Multiple servers prevent bottlenecks and failures.,1,1.0,0.909091,1.0,0.909091,0.7,0.784946,1.0
balancing distributes server traffic multiple servers prevent bottlenecks,Load balancing distributes server traffic. Multiple servers prevent bottlenecks and failures.,1,0.911042,0.727273,1.0,0.727273,0.666667,0.688889,1.0
Load balancing distributes server traffic. Multiple servers prevent bottlenecks and failures.,NoSQL databases store diverse data. Flexible schemas handle unstructured information.,0,0.0,0.0,0.0,0.909091,0.0,0.0,0.0
load balancing distributes server traffic multiple servers prevent bottlenecks failures,Pandemic response requires coordination. Global health strategies balance disease control with economic activity.,0,0.0,0.0,0.0,0.769231,0.0,0.016129,0.0
"Ecosystems provide valuable services. Natural systems offer pollination, water purification benefits.","Ecosystems provide valuable services. Natural systems offer pollination, water purification benefits.",1,1.0,1.0,1.0,1.0,1.0,1.0,1.0
ecosystems provide valuable services natural systems offer pollination water purification benefits,"Ecosystems provide valuable services. Natural systems offer pollination, water purification benefits.",1,1.0,1.0,1.0,1.0,1.0,0.818182,1.0
ecosystems provide valuable services natural systems offer pollination water,"Ecosystems provide valuable services. Natural systems offer pollination, water purification benefits.",1,0.942881,0.818182,1.0,0.818182,0.777778,0.616162,1.0
"Ecosystems provide valuable services. Natural systems offer pollination, water purification benefits.",APIs enable system integration. Software interfaces allow seamless data exchange.,0,0.0,0.0,0.0,0.909091,0.0,0.037037,0.0
ecosystems provide valuable services natural systems offer pollination water purification benefits,Community support aids disaster recovery. Social bonds help populations rebuild after emergencies.,0,0.0,0.0,0.0,0.916667,0.0,0.005525,0.0
Remote teams need better communication. Virtual collaboration requires intentional systems.,Remote teams need better communication. Virtual collaboration requires intentional systems.,1,1.0,1.0,1.0,1.0,1.0,1.0,1.0
remote teams need better communication virtual collaboration requires intentional systems,Remote teams need better communication. Virtual collaboration requires intentional systems.,1,1.0,1.0,1.0,1.0,1.0,0.898876,1.0
remote teams need better communication virtual collaboration requires intentional,Remote teams need better communication. Virtual collaboration requires intentional systems.,1,0.943515,0.9,1.0,0.9,0.875,0.808989,1.0
Remote teams need better communication. Virtual collaboration requires intentional systems.,Sustainable fashion reduces impact. Ethical production and eco-materials improve industry practices.,0,0.0,0.0,0.0,0.833333,0.0,0.016854,0.0
remote teams need better communication virtual collaboration requires intentional systems,Encryption secures communications. Mathematical algorithms protect message confidentiality.,0,0.0,0.0,0.0,0.8,0.0,0.069182,0.0
Gene therapy cures inherited diseases. Molecular gene editing offers potential cures.,Gene therapy cures inherited diseases. Molecular gene editing offers potential cures.,1,1.0,1.0,1.0,1.0,1.0,1.0,1.0
gene therapy cures inherited diseases molecular gene editing offers potential cures,Gene therapy cures inherited diseases. Molecular gene editing offers potential cures.,1,1.0,1.0,1.0,1.0,1.0,0.878049,1.0
cures inherited diseases molecular gene editing offers potential,Gene therapy cures inherited diseases. Molecular gene editing offers potential cures.,1,0.906448,0.888889,1.0,0.727273,0.666667,0.682927,1.0
Gene therapy cures inherited diseases. Molecular gene editing offers potential cures.,Distributed systems ensure availability. Redundant architecture maintains service continuity.,0,0.0,0.0,0.0,0.818182,0.0,0.0,0.0
gene therapy cures inherited diseases molecular gene editing offers potential cures,mRNA vaccines accelerate immunology. Novel platforms enable rapid vaccine development cycles.,0,0.0,0.0,0.0,1.0,0.0,0.0,0.0
Tourism balances development and culture. Sustainable planning protects communities.,Tourism balances development and culture. Sustainable planning protects communities.,1,1.0,1.0,1.0,1.0,1.0,1.0,1.0
tourism balances development culture sustainable planning protects communities,Tourism balances development and culture. Sustainable planning protects communities.,1,1.0,0.888889,1.0,0.888889,0.444444,0.770115,1.0
Tourism balances development and culture. Sustainable planning protects communities.,Tourism balances development and culture. Sustainable planning protects communities.,1,1.0,1.0,1.0,1.0,1.0,1.0,1.0
Tourism balances development and culture. Sustainable planning protects communities.,Bioengineered organs enable transplantation. Lab-grown tissues replace damaged organs without rejection risks.,0,0.0,0.0,0.0,0.692308,0.0,0.011236,0.0
tourism balances development and culture sustainable planning protects communities,Supply chain optimization reduces costs. Efficient logistics minimize delays and inventory expenses significantly.,0,0.0,0.047619,0.111111,0.692308,0.0,0.005348,0.111111
Distributed systems ensure availability. Redundant architecture maintains service continuity.,Distributed systems ensure availability. Redundant architecture maintains service continuity.,1,1.0,1.0,1.0,1.0,1.0,1.0,1.0
distributed systems ensure availability redundant architecture maintains service continuity,Distributed systems ensure availability. Redundant architecture maintains service continuity.,1,1.0,1.0,1.0,1.0,1.0,0.892473,1.0
Distributed systems ensure availability. Redundant architecture maintains service continuity.,Distributed systems ensure availability. Redundant architecture maintains service continuity.,1,1.0,1.0,1.0,1.0,1.0,1.0,1.0
Distributed systems ensure availability. Redundant architecture maintains service continuity.,"Technology is changing the modern classroom. Technology is changing the modern classroom by improving access to information, digital collaboration, and personalized learning opportunities for students.",0,0.0,0.0,0.0,0.36,0.0,0.0,0.0
distributed systems ensure availability redundant architecture maintains service continuity,Fungal networks connect plants. Underground symbiosis enables nutrient exchange.,0,0.0,0.0,0.0,1.0,0.0,0.0,0.0
Wildfire management protects communities. Prescribed burns reduce catastrophic fire risks.,Wildfire management protects communities. Prescribed burns reduce catastrophic fire risks.,1,1.0,1.0,1.0,1.0,1.0,1.0,1.0
wildfire management protects communities prescribed burns reduce catastrophic fire risks,Wildfire management protects communities. Prescribed burns reduce catastrophic fire risks.,1,1.0,1.0,1.0,1.0,1.0,0.88764,1.0
wildfire management protects communities prescribed burns reduce catastrophic fire,Wildfire management protects communities. Prescribed burns reduce catastrophic fire risks.,1,0.906112,0.9,1.0,0.9,0.875,0.831461,1.0
Wildfire management protects communities. Prescribed burns reduce catastrophic fire risks.,Personalized medicine customizes treatment plans. Genetic profiling enables targeted therapeutic interventions.,0,0.0,0.0,0.0,0.909091,0.0,0.010526,0.0
wildfire management protects communities prescribed burns reduce catastrophic fire risks,Nanotechnology produces advanced materials. Atomic-scale engineering creates products with superior properties.,0,0.0,0.0,0.0,0.833333,0.0,0.005376,0.0
Code paradigms structure programs. Functional and object-oriented approaches have tradeoffs.,Code paradigms structure programs. Functional and object-oriented approaches have tradeoffs.,1,1.0,1.0,1.0,1.0,1.0,1.0,1.0
code paradigms structure programs functional and object oriented approaches have tradeoffs,Code paradigms structure programs. Functional and object-oriented approaches have tradeoffs.,1,1.0,1.0,1.0,1.0,1.0,0.793814,1.0
structure programs functional and object oriented approaches have tradeoffs,Code paradigms structure programs. Functional and object-oriented approaches have tradeoffs.,1,0.72889,0.818182,1.0,0.818182,0.777778,0.639175,1.0
Code paradigms structure programs. Functional and object-oriented approaches have tradeoffs.,"Python programming enables data science applications. Developers use Python libraries for analysis, visualization, and machine learning tasks.",0,0.0,0.038462,0.090909,0.647059,0.0,0.023041,0.090909
code paradigms structure programs functional object oriented approaches have tradeoffs,Database design enables scalability. Proper architecture handles growth and user demand.,0,0.0,0.0,0.0,0.909091,0.0,0.012195,0.0
Microbiome research links health. Bacterial communities affect digestion and immunity.,Microbiome research links health. Bacterial communities affect digestion and immunity.,1,1.0,1.0,1.0,1.0,1.0,1.0,1.0
microbiome research links health bacterial communities affect digestion and immunity,Microbiome research links health. Bacterial communities affect digestion and immunity.,1,1.0,1.0,1.0,1.0,1.0,0.880952,1.0
research links health bacterial communities affect digestion and,Microbiome research links health. Bacterial communities affect digestion and immunity.,1,0.782925,0.8,1.0,0.8,0.75,0.666667,1.0
Microbiome research links health. Bacterial communities affect digestion and immunity.,Wildlife trafficking fuels crime. Illegal animal trade devastates populations.,0,0.0,0.0,0.0,0.9,0.0,0.0,0.0
microbiome research links health bacterial communities affect digestion and immunity,Soil erosion compromises agricultural productivity. Conservation practices restore nutrient-rich soils.,0,0.0,0.0,0.0,0.909091,0.0,0.005682,0.0
Edge computing reduces latency. Local data processing enables real-time responses.,Edge computing reduces latency. Local data processing enables real-time responses.,1,1.0,1.0,1.0,1.0,1.0,1.0,1.0
edge computing reduces latency local data processing enables real time responses,Edge computing reduces latency. Local data processing enables real-time responses.,1,1.0,1.0,1.0,1.0,1.0,0.770115,1.0
reduces latency local data processing enables real time responses,Edge computing reduces latency. Local data processing enables real-time responses.,1,0.904261,0.818182,1.0,0.818182,0.777778,0.597701,1.0
Edge computing reduces latency. Local data processing enables real-time responses.,Service discovery enables microservices. Dynamic registration helps component communication.,0,0.085844,0.052632,0.111111,0.818182,0.0,0.038462,0.111111
edge computing reduces latency local data processing enables real time responses,Invasive species harm biodiversity. Non-native organisms outcompete and disrupt ecosystems.,0,0.0,0.0,0.0,1.0,0.0,0.0,0.0
Invasive species harm biodiversity. Non-native organisms outcompete and disrupt ecosystems.,Invasive species harm biodiversity. Non-native organisms outcompete and disrupt ecosystems.,1,1.0,1.0,1.0,1.0,1.0,1.0,1.0
invasive species harm biodiversity non native organisms outcompete and disrupt ecosystems,Invasive species harm biodiversity. Non-native organisms outcompete and disrupt ecosystems.,1,1.0,1.0,1.0,1.0,1.0,0.791667,1.0
harm biodiversity non native organisms outcompete and disrupt ecosystems,Invasive species harm biodiversity. Non-native organisms outcompete and disrupt ecosystems.,1,0.850706,0.818182,1.0,0.818182,0.777778,0.614583,1.0
Invasive species harm biodiversity. Non-native organisms outcompete and disrupt ecosystems.,Soil biology enhances fertility. Microbial communities improve nutrient availability.,0,0.0,0.0,0.0,0.818182,0.0,0.006061,0.0
invasive species harm biodiversity non native organisms outcompete disrupt ecosystems,Ocean circulation balances climate. Heat transport affects global weather patterns.,0,0.0,0.0,0.0,1.0,0.0,0.0,0.0
Authentication strengthens security. Multi-factor verification requires multiple confirmations.,Authentication strengthens security. Multi-factor verification requires multiple confirmations.,1,1.0,1.0,1.0,1.0,1.0,1.0,1.0
authentication strengthens security multi factor verification requires multiple confirmations,Authentication strengthens security. Multi-factor verification requires multiple confirmations.,1,1.0,1.0,1.0,1.0,1.0,0.784946,1.0
Authentication strengthens security. Multi-factor verification requires multiple confirmations.,Authentication strengthens security. Multi-factor verification requires multiple confirmations.,1,1.0,1.0,1.0,1.0,1.0,1.0,1.0
Authentication strengthens security. Multi-factor verification requires multiple confirmations.,Fungal networks connect plants. Underground symbiosis enables nutrient exchange.,0,0.0,0.0,0.0,1.0,0.0,0.0,0.0
authentication strengthens security multi factor verification requires multiple confirmations,Virtual reality transforms training and education. Immersive environments provide interactive learning experiences effectively.,0,0.0,0.0,0.0,0.692308,0.0,0.00995,0.0
Pollination supports agriculture. Bee populations threaten food security when declining.,Pollination supports agriculture. Bee populations threaten food security when declining.,1,1.0,1.0,1.0,1.0,1.0,1.0,1.0
pollination supports agriculture bee populations threaten food security when declining,Pollination supports agriculture. Bee populations threaten food security when declining.,1,1.0,1.0,1.0,1.0,1.0,0.885057,1.0
agriculture bee populations threaten food security when declining,Pollination supports agriculture. Bee populations threaten food security when declining.,1,0.802222,0.8,1.0,0.8,0.75,0.655172,1.0
Pollination supports agriculture. Bee populations threaten food security when declining.,Group learning improves outcomes. Collaborative projects develop teamwork and communication.,0,0.0,0.0,0.0,1.0,0.0,0.005882,0.0
pollination supports agriculture bee populations threaten food security when declining,Circular economy principles minimize waste. Product redesign emphasizes reuse and recycling sustainability.,0,0.0,0.0,0.0,0.833333,0.0,0.0,0.0
Containerization simplifies software. Docker packaging ensures consistent environments.,Containerization simplifies software. Docker packaging ensures consistent environments.,1,1.0,1.0,1.0,1.0,1.0,1.0,1.0
containerization simplifies software docker packaging ensures consistent environments,Containerization simplifies software. Docker packaging ensures consistent environments.,1,1.0,1.0,1.0,1.0,1.0,0.885057,1.0
Containerization simplifies software. Docker packaging ensures consistent environments.,Containerization simplifies software. Docker packaging ensures consistent environments.,1,1.0,1.0,1.0,1.0,1.0,1.0,1.0
Containerization simplifies software. Docker packaging ensures consistent environments.,Invasive species harm biodiversity. Non-native organisms outcompete and disrupt ecosystems.,0,0.0,0.0,0.0,0.727273,0.0,0.0,0.0
containerization simplifies software docker packaging ensures consistent environments,Bioengineered organs enable transplantation. Lab-grown tissues replace damaged organs without rejection risks.,0,0.0,0.0,0.0,0.615385,0.0,0.011173,0.0
Permafrost releases greenhouse gases. Thawing soil accelerates climate change.,Permafrost releases greenhouse gases. Thawing soil accelerates climate change.,1,1.0,1.0,1.0,1.0,1.0,1.0,1.0
permafrost releases greenhouse gases thawing soil accelerates climate change,Permafrost releases greenhouse gases. Thawing soil accelerates climate change.,1,1.0,1.0,1.0,1.0,1.0,0.883117,1.0
Permafrost releases greenhouse gases. Thawing soil accelerates climate change.,Permafrost releases greenhouse gases. Thawing soil accelerates climate change.,1,1.0,1.0,1.0,1.0,1.0,1.0,1.0
Permafrost releases greenhouse gases. Thawing soil accelerates climate change.,Real-time analytics drive insights. Live data processing enables quick decisions.,0,0.0,0.0,0.0,0.818182,0.0,0.0,0.0
permafrost releases greenhouse gases thawing soil accelerates climate change,Machine translation facilitates commerce. AI language tools break down international barriers.,0,0.0,0.0,0.0,0.818182,0.0,0.012658,0.0
Rate limiting protects servers. Request throttling prevents abuse and maintains service.,Rate limiting protects servers. Request throttling prevents abuse and maintains service.,1,1.0,1.0,1.0,1.0,1.0,1.0,1.0
rate limiting protects servers request throttling prevents abuse maintains service,Rate limiting protects servers. Request throttling prevents abuse and maintains service.,1,1.0,0.909091,1.0,0.909091,0.545455,0.770115,1.0
protects servers request throttling prevents abuse and maintains service,Rate limiting protects servers. Request throttling prevents abuse and maintains service.,1,1.0,0.818182,1.0,0.818182,0.777778,0.738095,1.0
Rate limiting protects servers. Request throttling prevents abuse and maintains service.,Coral bleaching signals ecosystem distress. Temperature changes cause symbiotic collapse.,0,0.0,0.0,0.0,0.909091,0.0,0.0,0.0
rate limiting protects servers request throttling prevents abuse maintains service,Autonomous vehicles promise transportation advances. Self-driving cars reduce accidents and improve mobility access.,0,0.0,0.0,0.0,0.714286,0.0,0.016393,0.0
Wildlife trafficking fuels crime. Illegal animal trade devastates populations.,Wildlife trafficking fuels crime. Illegal animal trade devastates populations.,1,1.0,1.0,1.0,1.0,1.0,1.0,1.0
wildlife trafficking fuels crime illegal animal trade devastates populations,Wildlife trafficking fuels crime. Illegal animal trade devastates populations.,1,1.0,1.0,1.0,1.0,1.0,0.871795,1.0
Wildlife trafficking fuels crime. Illegal animal trade devastates populations.,Wildlife trafficking fuels crime. Illegal animal trade devastates populations.,1,1.0,1.0,1.0,1.0,1.0,1.0,1.0
Wildlife trafficking fuels crime. Illegal animal trade devastates populations.,"Cybersecurity protects digital infrastructure. Organizations implement firewalls, encryption, and monitoring to prevent attacks.",0,0.0,0.0,0.0,0.692308,0.0,0.010204,0.0
wildlife trafficking fuels crime illegal animal trade devastates populations,Distributed systems ensure availability. Redundant architecture maintains service continuity.,0,0.0,0.0,0.0,1.0,0.0,0.0,0.0
NoSQL databases store diverse data. Flexible schemas handle unstructured information.,NoSQL databases store diverse data. Flexible schemas handle unstructured information.,1,1.0,1.0,1.0,1.0,1.0,1.0,1.0
nosql databases store diverse data flexible schemas handle unstructured information,NoSQL databases store diverse data. Flexible schemas handle unstructured information.,1,1.0,1.0,1.0,1.0,1.0,0.880952,1.0
databases store diverse data flexible schemas handle unstructured,NoSQL databases store diverse data. Flexible schemas handle unstructured information.,1,0.880985,0.8,1.0,0.8,0.75,0.678571,1.0
NoSQL databases store diverse data. Flexible schemas handle unstructured information.,"Sleep impacts cognitive capabilities. Rest requirements affect memory, focus, and emotional regulation.",0,0.0,0.0,0.0,0.833333,0.0,0.011299,0.0
nosql databases store diverse data flexible schemas handle unstructured information,Cryptocurrency creates financial alternatives. Decentralized currencies offer borderless payment mechanisms.,0,0.0,0.0,0.0,1.0,0.0,0.0,0.0
Mangrove forests protect coasts. These resilient trees resist storms and erosion.,Mangrove forests protect coasts. These resilient trees resist storms and erosion.,1,1.0,1.0,1.0,1.0,1.0,1.0,1.0
mangrove forests protect coasts these resilient trees resist storms erosion,Mangrove forests protect coasts. These resilient trees resist storms and erosion.,1,1.0,0.909091,1.0,0.909091,0.7,0.759036,1.0
protect coasts these resilient trees resist storms and,Mangrove forests protect coasts. These resilient trees resist storms and erosion.,1,0.56492,0.727273,1.0,0.727273,0.666667,0.5625,1.0
Mangrove forests protect coasts. These resilient trees resist storms and erosion.,Urban sustainable cities integrate green infrastructure. Mixed-use development reduces environmental impact and improves livability.,0,0.0,0.04,0.090909,0.733333,0.0,0.004926,0.090909
mangrove forests protect coasts these resilient trees resist storms erosion,Ocean plastic pollution threatens marine life. Microplastics accumulate in ecosystems and food chains globally.,0,0.0,0.0,0.0,0.714286,0.0,0.0,0.0
Version control manages code changes. Git enables collaborative software development.,Version control manages code changes. Git enables collaborative software development.,1,1.0,1.0,1.0,1.0,1.0,1.0,1.0
version control manages code changes git enables collaborative software development,Version control manages code changes. Git enables collaborative software development.,1,1.0,1.0,1.0,1.0,1.0,0.880952,1.0
manages code changes git enables collaborative software development,Version control manages code changes. Git enables collaborative software development.,1,0.920863,0.8,1.0,0.8,0.75,0.690476,1.0
Version control manages code changes. Git enables collaborative software development.,Tourism balances development and culture. Sustainable planning protects communities.,0,0.133657,0.055556,0.111111,0.9,0.0,0.059603,0.111111
version control manages code changes git enables collaborative software development,Grid modernization supports renewable integration. Smart grids balance variable renewable energy sources efficiently.,0,0.0,0.0,0.0,0.769231,0.0,0.0,0.0
Soil biology enhances fertility. Microbial communities improve nutrient availability.,Soil biology enhances fertility. Microbial communities improve nutrient availability.,1,1.0,1.0,1.0,1.0,1.0,1.0,1.0
soil biology enhances fertility microbial communities improve nutrient availability,Soil biology enhances fertility. Microbial communities improve nutrient availability.,1,1.0,1.0,1.0,1.0,1.0,0.891566,1.0
Soil biology enhances fertility. Microbial communities improve nutrient availability.,Soil biology enhances fertility. Microbial communities improve nutrient availability.,1,1.0,1.0,1.0,1.0,1.0,1.0,1.0
Soil biology enhances fertility. Microbial communities improve nutrient availability.,Renewable energy reduces carbon emissions. Solar and wind power represent sustainable alternatives to fossil fuels.,0,0.0,0.0,0.0,0.6,0.0,0.0,0.0
soil biology enhances fertility microbial communities improve nutrient availability,Sustainable fashion reduces impact. Ethical production and eco-materials improve industry practices.,0,0.090716,0.05,0.111111,0.75,0.0,0.042169,0.111111
Real-time analytics drive insights. Live data processing enables quick decisions.,Real-time analytics drive insights. Live data processing enables quick decisions.,1,1.0,1.0,1.0,1.0,1.0,1.0,1.0
real time analytics drive insights live data processing enables quick decisions,Real-time analytics drive insights. Live data processing enables quick decisions.,1,1.0,1.0,1.0,1.0,1.0,0.767442,1.0
time analytics drive insights live data processing enables quick,Real-time analytics drive insights. Live data processing enables quick decisions.,1,0.787126,0.818182,1.0,0.818182,0.777778,0.691358,1.0
Real-time analytics drive insights. Live data processing enables quick decisions.,Open source creates collaborative innovation. Community development benefits users worldwide.,0,0.0,0.0,0.0,0.909091,0.0,0.012195,0.0
real time analytics drive insights live data processing enables quick decisions,Soil erosion compromises agricultural productivity. Conservation practices restore nutrient-rich soils.,0,0.0,0.0,0.0,1.0,0.0,0.0,0.0
Migration patterns change with climate. Species alter breeding and feeding timing.,Migration patterns change with climate. Species alter breeding and feeding timing.,1,1.0,1.0,1.0,1.0,1.0,1.0,1.0
migration patterns change climate species alter breeding feeding timing,Migration patterns change with climate. Species alter breeding and feeding timing.,1,1.0,0.818182,1.0,0.818182,0.230769,0.635294,1.0
patterns change with climate species alter breeding and feeding,Migration patterns change with climate. Species alter breeding and feeding timing.,1,1.0,0.818182,1.0,0.818182,0.777778,0.670886,1.0
Migration patterns change with climate. Species alter breeding and feeding timing.,Kubernetes orchestrates containers. Automation scales and updates applications.,0,0.0,0.055556,0.125,0.727273,0.0,0.02069,0.125
migration patterns change climate species alter breeding and feeding timing,Pollination supports agriculture. Bee populations threaten food security when declining.,0,0.0,0.0,0.0,1.0,0.0,0.013423,0.0
Serverless computing reduces overhead. Code execution minimizes infrastructure management.,Serverless computing reduces overhead. Code execution minimizes infrastructure management.,1,1.0,1.0,1.0,1.0,1.0,1.0,1.0
serverless computing reduces overhead code execution minimizes infrastructure management,Serverless computing reduces overhead. Code execution minimizes infrastructure management.,1,1.0,1.0,1.0,1.0,1.0,0.888889,1.0
Serverless computing reduces overhead. Code execution minimizes infrastructure management.,Serverless computing reduces overhead. Code execution minimizes infrastructure management.,1,1.0,1.0,1.0,1.0,1.0,1.0,1.0
Serverless computing reduces overhead. Code execution minimizes infrastructure management.,Invasive plants damage ecosystems. Aggressive species reduce native biodiversity.,0,0.0,0.0,0.0,1.0,0.0,0.018868,0.0
serverless computing reduces overhead code execution minimizes infrastructure management,Authentication strengthens security. Multi-factor verification requires multiple confirmations.,0,0.0,0.0,0.0,1.0,0.0,0.005988,0.0
Nitrogen fixation improves soils. Legume bacteria reduce fertilizer requirements naturally.,Nitrogen fixation improves soils. Legume bacteria reduce fertilizer requirements naturally.,1,1.0,1.0,1.0,1.0,1.0,1.0,1.0
nitrogen fixation improves soils legume bacteria reduce fertilizer requirements naturally,Nitrogen fixation improves soils. Legume bacteria reduce fertilizer requirements naturally.,1,1.0,1.0,1.0,1.0,1.0,0.89011,1.0
improves soils legume bacteria reduce fertilizer requirements naturally,Nitrogen fixation improves soils. Legume bacteria reduce fertilizer requirements naturally.,1,1.0,0.8,1.0,0.8,0.75,0.692308,1.0
Nitrogen fixation improves soils. Legume bacteria reduce fertilizer requirements naturally.,Coastal communities face erosion risks. Rising seas damage infrastructure and habitats.,0,0.0,0.0,0.0,0.909091,0.0,0.0,0.0
nitrogen fixation improves soils legume bacteria reduce fertilizer requirements naturally,"Technology is changing the modern classroom. Technology is changing the modern classroom by improving access to information, digital collaboration, and personalized learning opportunities for students.",0,0.0,0.0,0.0,0.4,0.0,0.016949,0.0
Load testing measures capacity. Simulated traffic identifies performance bottlenecks.,Load testing measures capacity. Simulated traffic identifies performance bottlenecks.,1,1.0,1.0,1.0,1.0,1.0,1.0,1.0
load testing measures capacity simulated traffic identifies performance bottlenecks,Load testing measures capacity. Simulated traffic identifies performance bottlenecks.,1,1.0,1.0,1.0,1.0,1.0,0.882353,1.0
Load testing measures capacity. Simulated traffic identifies performance bottlenecks.,Load testing measures capacity. Simulated traffic identifies performance bottlenecks.,1,1.0,1.0,1.0,1.0,1.0,1.0,1.0
Load testing measures capacity. Simulated traffic identifies performance bottlenecks.,Peatlands sequester huge carbon amounts. Wetlands store more carbon than forests.,0,0.0,0.0,0.0,0.818182,0.0,0.0,0.0
load testing measures capacity simulated traffic identifies performance bottlenecks,Neural networks process information. Advanced AI systems learn patterns from data autonomously.,0,0.0,0.0,0.0,0.75,0.0,0.005917,0.0
Invasive plants damage ecosystems. Aggressive species reduce native biodiversity.,Invasive plants damage ecosystems. Aggressive species reduce native biodiversity.,1,1.0,1.0,1.0,1.0,1.0,1.0,1.0
invasive plants damage ecosystems aggressive species reduce native biodiversity,Invasive plants damage ecosystems. Aggressive species reduce native biodiversity.,1,1.0,1.0,1.0,1.0,1.0,0.875,1.0
Invasive plants damage ecosystems. Aggressive species reduce native biodiversity.,Invasive plants damage ecosystems. Aggressive species reduce native biodiversity.,1,1.0,1.0,1.0,1.0,1.0,1.0,1.0
Invasive plants damage ecosystems. Aggressive species reduce native biodiversity.,Genetic synthesis creates organisms. Engineered microbes produce medicines and biofuels sustainably.,0,0.0,0.0,0.0,0.818182,0.0,0.005848,0.0
invasive plants damage ecosystems aggressive species reduce native biodiversity,Invasive species harm biodiversity. Non-native organisms outcompete and disrupt ecosystems.,0,0.652769,0.333333,0.555556,0.818182,0.0,0.248062,0.555556
Encryption secures communications. Mathematical algorithms protect message confidentiality.,Encryption secures communications. Mathematical algorithms protect message confidentiality.,1,1.0,1.0,1.0,1.0,1.0,1.0,1.0
encryption secures communications mathematical algorithms protect message confidentiality,Encryption secures communications. Mathematical algorithms protect message confidentiality.,1,1.0,1.0,1.0,1.0,1.0,0.89011,1.0
Encryption secures communications. Mathematical algorithms protect message confidentiality.,Encryption secures communications. Mathematical algorithms protect message confidentiality.,1,1.0,1.0,1.0,1.0,1.0,1.0,1.0
Encryption secures communications. Mathematical algorithms protect message confidentiality.,mRNA vaccines accelerate immunology. Novel platforms enable rapid vaccine development cycles.,0,0.0,0.0,0.0,0.727273,0.0,0.0,0.0
encryption secures communications mathematical algorithms protect message confidentiality,Serverless computing reduces overhead. Code execution minimizes infrastructure management.,0,0.0,0.0,0.0,0.888889,0.0,0.011834,0.0
Fungal networks connect plants. Underground symbiosis enables nutrient exchange.,Fungal networks connect plants. Underground symbiosis enables nutrient exchange.,1,1.0,1.0,1.0,1.0,1.0,1.0,1.0
fungal networks connect plants underground symbiosis enables nutrient exchange,Fungal networks connect plants. Underground symbiosis enables nutrient exchange.,1,1.0,1.0,1.0,1.0,1.0,0.875,1.0
Fungal networks connect plants. Underground symbiosis enables nutrient exchange.,Fungal networks connect plants. Underground symbiosis enables nutrient exchange.,1,1.0,1.0,1.0,1.0,1.0,1.0,1.0
Fungal networks connect plants. Underground symbiosis enables nutrient exchange.,Keystone species affect ecosystems. Specific organisms have disproportionate impacts.,0,0.0,0.0,0.0,1.0,0.0,0.0,0.0
fungal networks connect plants underground symbiosis enables nutrient exchange,Soil biology enhances fertility. Microbial communities improve nutrient availability.,0,0.192158,0.058824,0.111111,1.0,0.0,0.040816,0.111111
Kubernetes orchestrates containers. Automation scales and updates applications.,Kubernetes orchestrates containers. Automation scales and updates applications.,1,1.0,1.0,1.0,1.0,1.0,1.0,1.0
kubernetes orchestrates containers automation scales and updates applications,Kubernetes orchestrates containers. Automation scales and updates applications.,1,1.0,1.0,1.0,1.0,1.0,0.87013,1.0
Kubernetes orchestrates containers. Automation scales and updates applications.,Kubernetes orchestrates containers. Automation scales and updates applications.,1,1.0,1.0,1.0,1.0,1.0,1.0,1.0
Kubernetes orchestrates containers. Automation scales and updates applications.,Edge computing reduces latency. Local data processing enables real-time responses.,0,0.0,0.0,0.0,0.727273,0.0,0.0,0.0
kubernetes orchestrates containers automation scales and updates applications,Microbiome research links health. Bacterial communities affect digestion and immunity.,0,0.0,0.058824,0.125,0.8,0.0,0.013423,0.125
Ocean circulation balances climate. Heat transport affects global weather patterns.,Ocean circulation balances climate. Heat transport affects global weather patterns.,1,1.0,1.0,1.0,1.0,1.0,1.0,1.0
ocean circulation balances climate heat transport affects global weather patterns,Ocean circulation balances climate. Heat transport affects global weather patterns.,1,1.0,1.0,1.0,1.0,1.0,0.879518,1.0
balances climate heat transport affects global weather patterns,Ocean circulation balances climate. Heat transport affects global weather patterns.,1,0.909718,0.8,1.0,0.8,0.75,0.662651,1.0
Ocean circulation balances climate. Heat transport affects global weather patterns.,UX design influences product adoption. Interface usability determines customer satisfaction.,0,0.0,0.0,0.0,1.0,0.0,0.006061,0.0
ocean circulation balances climate heat transport affects global weather patterns,Personalized medicine customizes treatment plans. Genetic profiling enables targeted therapeutic interventions.,0,0.0,0.0,0.0,0.909091,0.0,0.0,0.0
Logging identifies system issues. Comprehensive data collection helps troubleshooting.,Logging identifies system issues. Comprehensive data collection helps troubleshooting.,1,1.0,1.0,1.0,1.0,1.0,1.0,1.0
logging identifies system issues comprehensive data collection helps troubleshooting,Logging identifies system issues. Comprehensive data collection helps troubleshooting.,1,1.0,1.0,1.0,1.0,1.0,0.883721,1.0
Logging identifies system issues. Comprehensive data collection helps troubleshooting.,Logging identifies system issues. Comprehensive data collection helps troubleshooting.,1,1.0,1.0,1.0,1.0,1.0,1.0,1.0
Logging identifies system issues. Comprehensive data collection helps troubleshooting.,"Sleep impacts cognitive capabilities. Rest requirements affect memory, focus, and emotional regulation.",0,0.0,0.0,0.0,0.75,0.0,0.0,0.0
logging identifies system issues comprehensive data collection helps troubleshooting,ADHD affects student achievement. Learning support improves focus and academic performance.,0,0.0,0.0,0.0,0.818182,0.0,0.0,0.0
Apex predators maintain balance. Top predators control prey and preserve biodiversity.,Apex predators maintain balance. Top predators control prey and preserve biodiversity.,1,1.0,1.0,1.0,1.0,1.0,1.0,1.0
apex predators maintain balance top predators control prey preserve biodiversity,Apex predators maintain balance. Top predators control prey and preserve biodiversity.,1,1.0,0.9,1.0,0.909091,0.545455,0.756098,1.0
predators maintain balance top predators control prey and preserve,Apex predators maintain balance. Top predators control prey and preserve biodiversity.,1,0.816497,0.8,1.0,0.818182,0.777778,0.658228,1.0
Apex predators maintain balance. Top predators control prey and preserve biodiversity.,Carbon reduction requires behavior change. Personal and organizational actions reduce footprints.,0,0.0,0.05,0.1,1.0,0.0,0.006211,0.1
apex predators maintain balance top predators control prey and preserve biodiversity,Load balancing distributes server traffic. Multiple servers prevent bottlenecks and failures.,0,0.0,0.05,0.1,1.0,0.0,0.032468,0.1
API versioning ensures compatibility. Multiple versions allow gradual client upgrades.,API versioning ensures compatibility. Multiple versions allow gradual client upgrades.,1,1.0,1.0,1.0,1.0,1.0,1.0,1.0
api versioning ensures compatibility multiple versions allow gradual client upgrades,API versioning ensures compatibility. Multiple versions allow gradual client upgrades.,1,1.0,1.0,1.0,1.0,1.0,0.878049,1.0
ensures compatibility multiple versions allow gradual client upgrades,API versioning ensures compatibility. Multiple versions allow gradual client upgrades.,1,1.0,0.8,1.0,0.8,0.75,0.743902,1.0
API versioning ensures compatibility. Multiple versions allow gradual client upgrades.,Real-time analytics drive insights. Live data processing enables quick decisions.,0,0.0,0.0,0.0,0.909091,0.0,0.019737,0.0
api versioning ensures compatibility multiple versions allow gradual client upgrades,Soil erosion compromises agricultural productivity. Conservation practices restore nutrient-rich soils.,0,0.0,0.0,0.0,0.909091,0.0,0.005747,0.0
Peatlands sequester huge carbon amounts. Wetlands store more carbon than forests.,Peatlands sequester huge carbon amounts. Wetlands store more carbon than forests.,1,1.0,1.0,1.0,1.0,1.0,1.0,1.0
peatlands sequester huge carbon amounts wetlands store more carbon than forests,Peatlands sequester huge carbon amounts. Wetlands store more carbon than forests.,1,1.0,1.0,1.0,1.0,1.0,0.861111,1.0
peatlands sequester huge carbon amounts wetlands store more,Peatlands sequester huge carbon amounts. Wetlands store more carbon than forests.,1,0.867803,0.8,1.0,0.727273,0.666667,0.652778,1.0
Peatlands sequester huge carbon amounts. Wetlands store more carbon than forests.,Ocean circulation balances climate. Heat transport affects global weather patterns.,0,0.0,0.0,0.0,0.909091,0.0,0.0,0.0
peatlands sequester huge carbon amounts wetlands store more carbon than forests,Reforestation combats climate change. Tree planting restores habitats and sequesters carbon.,0,0.279571,0.05,0.1,1.0,0.0,0.084507,0.1
Service discovery enables microservices. Dynamic registration helps component communication.,Service discovery enables microservices. Dynamic registration helps component communication.,1,1.0,1.0,1.0,1.0,1.0,1.0,1.0
service discovery enables microservices dynamic registration helps component communication,Service discovery enables microservices. Dynamic registration helps component communication.,1,1.0,1.0,1.0,1.0,1.0,0.886364,1.0
Service discovery enables microservices. Dynamic registration helps component communication.,Service discovery enables microservices. Dynamic registration helps component communication.,1,1.0,1.0,1.0,1.0,1.0,1.0,1.0
Service discovery enables microservices. Dynamic registration helps component communication.,Urban gardens improve city health. Green spaces provide environmental and social benefits.,0,0.0,0.0,0.0,0.75,0.0,0.0,0.0
service discovery enables microservices dynamic registration helps component communication,Desert adaptation shows evolution. Specialized species survive extreme environmental conditions.,0,0.0,0.0,0.0,0.9,0.0,0.011765,0.0
Keystone species affect ecosystems. Specific organisms have disproportionate impacts.,Keystone species affect ecosystems. Specific organisms have disproportionate impacts.,1,1.0,1.0,1.0,1.0,1.0,1.0,1.0
keystone species affect ecosystems specific organisms have disproportionate impacts,Keystone species affect ecosystems. Specific organisms have disproportionate impacts.,1,1.0,1.0,1.0,1.0,1.0,0.879518,1.0
Keystone species affect ecosystems. Specific organisms have disproportionate impacts.,Keystone species affect ecosystems. Specific organisms have disproportionate impacts.,1,1.0,1.0,1.0,1.0,1.0,1.0,1.0
Keystone species affect ecosystems. Specific organisms have disproportionate impacts.,Biomimetic design solves problems. Nature-inspired solutions leverage evolved adaptations.,0,0.0,0.0,0.0,0.9,0.0,0.006135,0.0
keystone species affect ecosystems specific organisms have disproportionate impacts,"The internet has revolutionized communication. The internet has revolutionized communication by connecting people worldwide, enabling instant messaging, and providing access to vast amounts of information.",0,0.0,0.0,0.0,0.36,0.0,0.0,0.0
Caching accelerates responses. In-memory storage reduces processing overhead.,Caching accelerates responses. In-memory storage reduces processing overhead.,1,1.0,1.0,1.0,1.0,1.0,1.0,1.0
caching accelerates responses memory storage reduces processing overhead,Caching accelerates responses. In-memory storage reduces processing overhead.,1,1.0,0.888889,1.0,0.888889,0.444444,0.807692,1.0
Caching accelerates responses. In-memory storage reduces processing overhead.,Caching accelerates responses. In-memory storage reduces processing overhead.,1,1.0,1.0,1.0,1.0,1.0,1.0,1.0
Caching accelerates responses. In-memory storage reduces processing overhead.,3D printing enables customization. Additive manufacturing produces complex objects efficiently.,0,0.0,0.0,0.0,0.9,0.0,0.012346,0.0
caching accelerates responses in memory storage reduces processing overhead,Urban sustainable cities integrate green infrastructure. Mixed-use development reduces environmental impact and improves livability.,0,0.082094,0.043478,0.111111,0.6,0.0,0.031088,0.111111
Amphibian decline signals problems. Environmental stress threatens frog and salamander populations.,Amphibian decline signals problems. Environmental stress threatens frog and salamander populations.,1,1.0,1.0,1.0,1.0,1.0,1.0,1.0
amphibian decline signals problems environmental stress threatens frog salamander populations,Amphibian decline signals problems. Environmental stress threatens frog and salamander populations.,1,1.0,0.909091,1.0,0.909091,0.545455,0.803922,1.0
decline signals problems environmental stress threatens frog and salamander,Amphibian decline signals problems. Environmental stress threatens frog and salamander populations.,1,0.925513,0.818182,1.0,0.818182,0.777778,0.676768,1.0
Amphibian decline signals problems. Environmental stress threatens frog and salamander populations.,Meditation practices reduce anxiety. Mindfulness techniques lower stress hormones and improve mental health.,0,0.188526,0.090909,0.181818,0.846154,0.0,0.05291,0.181818
amphibian decline signals problems environmental stress threatens frog salamander populations,Grid modernization supports renewable integration. Smart grids balance variable renewable energy sources efficiently.,0,0.0,0.0,0.0,0.769231,0.0,0.005208,0.0
